episode,total_reward,episode_length,epsilon,avg_loss,final_risk,risk_reduction,training_time,steps_per_second,avg_reward_10,avg_reward_100
0,28866.0,365,1.0,1341.563315587328,13.5,10.5,0.9680194854736328,0,0,0
1,34632.0,365,0.98,1379.0025824559877,13.5,10.5,2.0768790245056152,329.16702896260375,0,0
2,44878.0,365,0.9603999999999999,1326.0820064178886,10.5,16.5,3.1941537857055664,326.6877698087359,0,0
3,44622.0,365,0.9411919999999999,2129.251133247271,4.5,13.5,4.350799560546875,315.5676594678071,0,0
4,30406.0,365,0.9223681599999999,2330.418104950369,16.5,10.5,5.577072858810425,297.6497983906639,0,0
5,43259.0,365,0.9039207967999999,2375.1229757230576,13.5,15.0,6.7814555168151855,303.059827019327,0,0
6,27350.0,365,0.8858423808639999,4126.680855528949,4.5,9.0,8.002384185791016,298.95276380574995,0,0
7,28881.0,365,0.8681255332467199,4779.028704750374,13.5,12.0,9.214919328689575,301.0222030575289,0,0
8,45884.0,365,0.8507630225817855,4378.759439212329,4.5,15.0,10.429999589920044,300.3916791721869,0,0
9,37607.0,365,0.8337477621301498,5917.92732268033,21.0,12.0,11.677790641784668,292.5169237706633,0,0
10,37495.0,365,0.8170728068875467,6892.295304306239,13.5,12.0,12.984087228775024,279.41587204246025,0,0
11,50020.0,365,0.8007313507497958,7371.180339823683,7.5,16.5,14.212872743606567,297.0412619569646,0,0
12,37773.0,365,0.7847167237347998,7680.126937071917,10.5,13.5,15.452331781387329,294.48330995555017,0,0
13,26491.0,365,0.7690223892601038,8817.194885588346,18.0,9.0,16.766988039016724,277.639115078015,0,0
14,49621.0,365,0.7536419414749017,9456.534860772956,13.5,13.5,18.11039924621582,271.6964083997746,0,0
15,31753.0,365,0.7385691026454038,9452.365929005244,10.5,10.5,19.42625665664673,277.3856780427845,0,0
16,35408.0,365,0.7237977205924956,10084.992134993043,4.5,10.5,20.730814695358276,279.7882418175076,0,0
17,38205.0,365,0.7093217661806457,10909.62619796126,10.5,13.5,22.010648727416992,285.19322885395394,0,0
18,28087.0,365,0.6951353308570327,10841.572275490957,10.5,9.0,23.414307355880737,260.0347353682994,0,0
19,32472.0,365,0.6812326242398921,12553.223078145067,13.5,15.0,24.755885124206543,272.0677165480271,0,0
20,32300.0,365,0.6676079717550942,9772.543506528253,7.5,12.0,26.289676666259766,237.97236455704387,0,0
21,36647.0,365,0.6542558123199923,9803.14563974877,13.5,13.5,27.993073225021362,214.27776058521704,0,0
22,33382.0,365,0.6411706960735924,11103.035868772742,12.0,12.0,29.652806997299194,219.9147875981767,0,0
23,29916.0,365,0.6283472821521207,13232.633089415667,4.5,9.0,31.10852551460266,250.73528684385772,0,0
24,23037.0,365,0.6157803365090783,15306.445753625321,21.0,7.5,32.50639295578003,261.1120262537734,0,0
25,38626.0,365,0.6034647297788966,13237.668212221746,4.5,13.5,33.708142042160034,303.72396712152226,0,0
26,32157.0,365,0.5913954351833187,18044.663171553937,18.0,10.5,35.75045657157898,178.71879905973415,0,0
27,24945.0,365,0.5795675264796523,13184.948895012842,21.0,9.0,37.7055447101593,186.69235048658368,0,0
28,26430.0,365,0.5679761759500592,12719.613096639554,21.0,10.5,39.50812292098999,202.48774661033752,0,0
29,36721.0,365,0.5566166524310581,16328.622281009204,4.5,12.0,41.1425199508667,223.3239496449243,0,0
30,34019.0,365,0.5454843193824369,15300.53511762227,13.5,12.0,42.54586124420166,260.0935365712771,0,0
31,33050.0,365,0.5345746329947881,17134.16005825931,4.5,13.5,43.89991784095764,269.5603720512561,0,0
32,37917.0,365,0.5238831403348924,11892.268125434772,13.5,13.5,45.16736817359924,287.97972638444327,0,0
33,36720.0,365,0.5134054775281945,15907.469189118685,13.5,13.5,46.50018906593323,273.8552509938722,0,0
34,45240.0,365,0.5031373679776306,17258.9394872378,10.5,13.5,48.46559762954712,185.7120228116117,0,0
35,44072.0,365,0.493074620618078,18091.96931553671,10.5,15.0,49.946861267089844,246.4112334557137,0,0
36,31372.0,365,0.48321312820571644,21411.5990993552,15.0,10.5,51.64796257019043,214.56688048778574,0,0
37,39653.0,365,0.4735488656416021,18724.902429031998,10.5,12.0,52.834354400634766,307.6555237769107,0,0
38,38991.0,365,0.46407788832877,20063.016652062823,21.0,12.0,54.323294162750244,245.14087761442394,0,0
39,26143.0,365,0.45479633056219465,19244.25213271886,16.5,10.5,55.58823609352112,288.55079519544717,0,0
40,41995.0,365,0.44570040395095073,14744.73879060092,7.5,13.5,57.3886923789978,202.7263882740499,0,0
41,32141.0,365,0.4367863958719317,14735.505329623287,7.5,10.5,58.69703769683838,278.9783362411022,0,0
42,24714.0,365,0.42805066795449304,12752.126215853756,7.5,7.5,60.15288996696472,250.71225116015674,0,0
43,40088.0,365,0.4194896545954032,13234.01852074192,10.5,15.0,61.78750824928284,223.29372181154088,0,0
44,24226.0,365,0.41109986150349515,13779.559044908498,10.5,4.5,63.4276659488678,222.53957658605793,0,0
45,52244.0,365,0.4028778642734252,14087.609071496416,10.5,16.5,64.5169324874878,335.08786606299583,0,0
46,35042.0,365,0.39482030698795667,12003.859545898438,7.5,12.0,65.52063465118408,363.6536944942221,0,0
47,36180.0,365,0.38692390084819756,14209.963651474209,4.5,10.5,67.22640466690063,213.97960840967903,0,0
48,22725.0,365,0.3791854228312336,13815.332801296287,9.0,7.5,68.62895727157593,260.23979334771667,0,0
49,36367.0,365,0.3716017143746089,11274.425919038955,10.5,10.5,70.10430431365967,247.3994182985475,0,0
50,38170.0,365,0.36416968008711675,12822.11790487211,12.0,13.5,71.97194242477417,195.43400717079413,0,0
51,35664.0,365,0.3568862864853744,13627.941111107395,18.0,10.5,73.5442316532135,232.14558326670112,0,0
52,40836.0,365,0.3497485607556669,13762.709946556613,18.0,15.0,75.09635782241821,235.16129502991433,0,0
53,36954.0,365,0.34275358954055357,15308.325619046982,15.0,12.0,76.60728430747986,241.57363287275228,0,0
54,21189.0,365,0.3358985177497425,15469.640723157909,21.0,9.0,77.8401870727539,296.0492994910822,0,0
55,36095.0,365,0.3291805473947476,15858.772361776273,4.5,12.0,79.17964053153992,272.49920301882764,0,0
56,31250.0,365,0.32259693644685267,13815.571575342467,7.5,10.5,80.46250414848328,284.5197222676519,0,0
57,38907.0,365,0.3161449977179156,14467.168509454597,4.5,12.0,81.74546074867249,284.4991014864963,0,0
58,31465.0,365,0.3098220977635573,13193.846518153361,15.0,10.5,83.07258987426758,275.02975630674354,0,0
59,46872.0,365,0.30362565580828615,15117.285548547196,13.5,13.5,84.33483624458313,289.1670030382047,0,0
60,42755.0,365,0.2975531426921204,11730.36832124893,10.5,10.5,85.5850088596344,291.95968269152286,0,0
61,27325.0,365,0.291602079838278,11018.862101850118,15.0,9.0,86.8523416519165,288.00643542312133,0,0
62,36643.0,365,0.2857700382415124,12275.896787544147,4.5,12.0,88.12210869789124,287.4543020761806,0,0
63,33955.0,365,0.2800546374766822,10498.29929508575,7.5,10.5,89.36388230323792,293.9344164092608,0,0
64,29478.0,365,0.2744535447271485,10871.795288420377,18.0,7.5,90.64568734169006,284.7546928359386,0,0
65,27687.0,365,0.2689644738326056,7439.966143547998,4.5,9.0,91.89190936088562,292.8852117663669,0,0
66,34773.0,365,0.26358518435595346,8106.150830412565,13.5,10.5,93.16732716560364,286.1807312472778,0,0
67,47487.0,365,0.25831348066883436,9086.478255096854,10.5,15.0,94.4150447845459,292.53413950299495,0,0
68,30357.0,365,0.2531472110554577,9770.407824372593,7.5,12.0,95.65971064567566,293.2513949315651,0,0
69,31890.0,365,0.2480842668343485,7633.825675483599,15.0,10.5,96.86959862709045,301.6808213709037,0,0
70,48373.0,365,0.24312258149766153,8147.810464017685,4.5,15.0,98.138667345047,287.61247900564734,0,0
71,44951.0,365,0.2382601298677083,10859.17931342974,13.5,16.5,99.36885714530945,296.7021836159999,0,0
72,26910.0,365,0.23349492727035415,11447.063878056775,10.5,12.0,100.6159200668335,292.6877174360456,0,0
73,23298.0,365,0.22882502872494703,11144.993827422677,21.0,7.5,101.8141770362854,304.60911916661325,0,0
74,33315.0,365,0.2242485281504481,9499.804307744274,10.5,10.5,103.03784322738647,298.283962288414,0,0
75,37408.0,365,0.21976355758743912,10562.259559610446,18.0,10.5,104.28068685531616,293.68135443395414,0,0
76,37132.0,365,0.21536828643569034,9408.71172276327,10.5,12.0,105.60910606384277,274.7626635155571,0,0
77,31566.0,365,0.21106092070697655,8442.047046316486,10.5,10.5,107.06493067741394,250.71701398470498,0,0
78,54365.0,365,0.206839702292837,8402.246570325877,18.0,18.0,108.46659564971924,260.40459540034726,0,0
79,32147.0,365,0.20270290824698026,11537.606175754494,4.5,9.0,109.83628344535828,266.4840857618261,0,0
80,35665.0,365,0.19864885008204064,8432.383727358465,13.5,12.0,111.0137825012207,309.97901712342843,0,0
81,41453.0,365,0.19467587308039982,12454.324504361088,12.0,10.5,112.1691026687622,315.92973987177254,0,0
82,28945.0,365,0.19078235561879184,9594.200465037724,12.0,10.5,113.27804517745972,329.1424011049092,0,0
83,51081.0,365,0.186966708506416,9819.079639842412,12.0,15.0,114.38851761817932,328.6889314997083,0,0
84,27395.0,365,0.18322737433628766,7391.300060199058,7.5,4.5,115.48758578300476,332.0995109142948,0,0
85,28715.0,365,0.1795628268495619,9045.58837455854,10.5,6.0,116.57634925842285,335.24269342323237,0,0
86,25842.0,365,0.17597157031257069,10027.802715897233,18.0,7.5,117.60102152824402,356.2114548720074,0,0
87,50949.0,365,0.17245213890631925,7866.854575964523,7.5,12.0,118.69650959968567,333.1848237467926,0,0
88,40277.0,365,0.16900309612819286,10176.832548209413,13.5,12.0,119.7000937461853,363.6964586109404,0,0
89,32886.0,365,0.16562303420562902,9084.202350271564,13.5,10.5,120.69251608848572,367.7869637174203,0,0
90,34965.0,365,0.16231057352151643,10930.200223070955,7.5,12.0,121.70575761795044,360.2300037907283,0,0
91,37750.0,365,0.1590643620510861,10340.082747869623,12.0,10.5,122.68981409072876,370.91367223009365,0,0
92,42868.0,365,0.15588307481006436,10936.720349622752,22.5,13.5,123.62828063964844,388.9323497147259,0,0
93,26612.0,365,0.1527654133138631,9586.914411320098,10.5,9.0,124.5749363899231,385.56782641852715,0,0
94,30036.0,365,0.1497101050475858,8373.61400698309,18.0,9.0,125.54542207717896,376.1003431509353,0,0
95,40697.0,365,0.14671590294663409,7554.673154731646,10.5,10.5,126.49404573440552,384.7679711753446,0,0
96,29014.0,365,0.1437815848877014,8605.555589984215,7.5,10.5,127.45377326011658,380.31627750759,0,0
97,27346.0,365,0.1409059531899474,8178.410050818038,15.0,9.0,128.4039134979248,384.1538180110946,0,0
98,28952.0,365,0.13808783412614842,8250.794279918931,18.0,6.0,129.3919644355774,369.41415274314426,0,0
99,32284.0,365,0.13532607744362546,7634.682501973191,13.5,12.0,130.4133529663086,357.356665967945,0,0
100,32657.0,365,0.13261955589475294,6545.981972723138,18.0,10.5,131.44240593910217,354.69505423917224,0,0
101,46256.0,365,0.12996716477685788,8633.973894511184,13.5,16.5,132.54505848884583,331.01995736087144,0,0
102,33349.0,365,0.12736782148132073,9035.509853248073,7.5,10.5,133.61935210227966,339.75814007990385,0,0
103,38168.0,365,0.12482046505169431,6910.951646945901,4.5,12.0,134.69340920448303,339.83295604230216,0,0
104,42724.0,365,0.12232405575066042,8081.649440901247,4.5,13.5,135.81149983406067,326.44938643111624,0,0
105,24616.0,365,0.11987757463564722,7059.967712067904,10.5,7.5,136.97117495536804,314.7433218956298,0,0
106,41932.0,365,0.11748002314293426,6397.57625665534,4.5,12.0,138.12631249427795,315.9796887429056,0,0
107,42492.0,365,0.11513042268007558,7040.428818626926,7.5,15.0,139.23698925971985,328.6284645153092,0,0
108,35940.0,365,0.11282781422647406,8048.747040380191,16.5,13.5,140.4074490070343,311.843274266774,0,0
109,36835.0,365,0.11057125794194458,7170.2374341154755,7.5,12.0,141.61506700515747,302.24789674157574,0,0
110,29932.0,365,0.10835983278310568,7392.558167590833,13.5,10.5,142.83271193504333,299.758978205751,0,0
111,41682.0,365,0.10619263612744358,7643.680603529003,13.5,12.0,144.06661176681519,295.81007355829587,0,0
112,42361.0,365,0.1040687834048947,7637.421590057791,15.0,13.5,145.25614023208618,306.8442754052518,0,0
113,27238.0,365,0.1019874077367968,7361.99928220984,13.5,9.0,146.51792883872986,289.2719097938997,0,0
114,46773.0,365,0.1,6821.363831987773,10.5,13.5,147.79180645942688,286.5267385734312,0,0
115,38594.0,365,0.1,8087.031244565363,18.0,13.5,149.06433486938477,286.83053136085164,0,0
116,33584.0,365,0.1,7442.10737522073,13.5,10.5,150.73550510406494,218.4098258965537,0,0
117,38149.0,365,0.1,6998.538447549899,7.5,13.5,152.48794674873352,208.28082984128616,0,0
118,41967.0,365,0.1,8735.059642133321,12.0,13.5,153.89063692092896,260.2142705746035,0,0
119,43450.0,365,0.1,8034.803919543959,18.0,13.5,155.31544065475464,256.175634113446,0,0
120,40827.0,365,0.1,8461.335544115876,13.5,16.5,156.5742690563202,289.9521487965039,0,0
121,34979.0,365,0.1,7114.406682847951,18.0,12.0,157.8435845375061,287.55656525908194,0,0
122,26477.0,365,0.1,8619.999666564105,18.0,7.5,159.078675031662,295.52490422935153,0,0
123,29499.0,365,0.1,7890.848933724182,9.0,10.5,160.347008228302,287.7792688600552,0,0
124,34231.0,365,0.1,8459.819176075556,13.5,10.5,161.6055417060852,290.0200959635302,0,0
125,47017.0,365,0.1,9071.115023427466,12.0,15.0,162.88268113136292,285.7949514170169,0,0
126,43093.0,365,0.1,7352.812488127408,12.0,13.5,164.1341576576233,291.65549040754433,0,0
127,53550.0,365,0.1,7682.489288246468,12.0,16.5,165.41966485977173,283.9346208173585,0,0
128,35163.0,365,0.1,6400.260627976509,18.0,12.0,166.66996240615845,291.93050970533136,0,0
129,30091.0,365,0.1,8597.095127387896,7.5,10.5,167.93442153930664,288.6609700791511,0,0
130,33952.0,365,0.1,7770.734214970837,15.0,10.5,169.1759967803955,293.9813777857662,0,0
131,27837.0,365,0.1,7715.372240792888,13.5,12.0,170.42923784255981,291.2448458795763,0,0
132,29211.0,365,0.1,7240.106939697265,12.0,9.0,171.65987920761108,296.5933133450246,0,0
133,38803.0,365,0.1,6649.456560443199,10.5,15.0,172.88477897644043,297.9835650951553,0,0
134,37770.0,365,0.1,6977.5078241217625,7.5,12.0,174.08115792274475,305.0872811892123,0,0
135,45689.0,365,0.1,8991.721962957512,12.0,13.5,175.27723336219788,305.1646977776644,0,0
136,47464.0,365,0.1,6648.472759508107,16.5,15.0,176.4777488708496,304.0360556523936,0,0
137,43205.0,365,0.1,6808.952558459974,16.5,12.0,177.666157245636,307.13348016048,0,0
138,47676.0,365,0.1,8467.173085837168,13.5,15.0,178.90938305854797,293.59107268297987,0,0
139,39612.0,365,0.1,9143.521765972817,12.0,13.5,180.13124251365662,298.72502804960146,0,0
140,25697.0,365,0.1,8391.281990532027,13.5,9.0,181.30045795440674,312.1751452117589,0,0
141,39560.0,365,0.1,7326.068037226429,13.5,16.5,182.42526173591614,324.5010427598299,0,0
142,30424.0,365,0.1,7523.232349886959,7.5,7.5,183.5494749546051,324.67150708800216,0,0
143,23300.0,365,0.1,6917.479438259177,15.0,7.5,184.64309930801392,333.7526261757975,0,0
144,35409.0,365,0.1,7561.781310867937,21.0,7.5,185.73613119125366,333.93353441634304,0,0
145,31383.0,365,0.1,5352.633411647849,16.5,10.5,186.80228805541992,342.35112324248075,0,0
146,37327.0,365,0.1,7236.340195496442,7.5,12.0,187.8120415210724,361.4743721272106,0,0
147,29477.0,365,0.1,6789.1448119281085,4.5,15.0,188.84302139282227,354.0321300167451,0,0
148,47574.0,365,0.1,7248.053788694617,4.5,18.0,189.8725142478943,354.54349993955543,0,0
149,46863.0,365,0.1,7483.617297363281,13.5,13.5,190.88884615898132,359.1346449110386,0,0
150,33974.0,365,0.1,9746.147695713827,15.0,10.5,191.90246105194092,360.0973136200257,0,0
151,42437.0,365,0.1,8261.264730375107,18.0,12.0,192.88952541351318,369.78338415400015,0,0
152,42654.0,365,0.1,8253.307903216637,4.5,15.0,193.8472137451172,381.12608032789984,0,0
153,34777.0,365,0.1,8033.118963204998,18.0,13.5,194.79559206962585,384.86750547477783,0,0
154,39902.0,365,0.1,7774.4983683546925,10.5,12.0,195.77735877037048,371.7787532650708,0,0
155,32338.0,365,0.1,7658.646763715352,10.5,12.0,196.7718436717987,367.024174500596,0,0
156,47384.0,365,0.1,9470.175679998529,12.0,13.5,197.79964208602905,355.12800462270167,0,0
157,37066.0,365,0.1,8718.335515186885,7.5,12.0,198.84344005584717,349.6845276137127,0,0
158,35765.0,365,0.1,7833.982417276461,13.5,13.5,199.86071252822876,358.8025921368723,0,0
159,26634.0,365,0.1,8108.3106599154535,16.5,6.0,200.93739652633667,339.0038308746352,0,0
160,26724.0,365,0.1,8739.433438988255,9.0,9.0,202.03412318229675,332.8085425994102,0,0
161,31551.0,365,0.1,7822.897457509498,10.5,7.5,203.10682678222656,340.2617461374075,0,0
162,38281.0,365,0.1,7733.845112087302,9.0,12.0,204.26712274551392,314.57491153022806,0,0
163,27705.0,365,0.1,7272.029349214737,13.5,13.5,205.37357425689697,329.8834121919654,0,0
164,28951.0,365,0.1,5564.064244852981,15.0,9.0,206.5576913356781,308.24654634296223,0,0
165,45355.0,365,0.1,7859.552850592626,12.0,15.0,207.71631169319153,315.0298522143565,0,0
166,16712.0,365,0.1,9670.254588756823,18.0,4.5,208.94270849227905,297.61982440884617,0,0
167,28876.0,365,0.1,9159.777719241625,10.5,16.5,210.17569398880005,296.0294350824787,0,0
168,29220.0,365,0.1,9467.487984936857,10.5,12.0,211.40858626365662,296.0518185114458,0,0
169,24062.0,365,0.1,7743.295445439587,7.5,10.5,212.67487144470215,288.24470621904527,0,0
170,16280.0,365,0.1,6910.729933312821,10.5,4.5,213.95374298095703,285.40786908815403,0,0
171,28726.0,365,0.1,6683.324103284862,10.5,13.5,215.20706844329834,291.22523316342097,0,0
172,26437.0,365,0.1,7185.9964480883455,12.0,12.0,216.4895043373108,284.6146163750905,0,0
173,24935.0,365,0.1,7741.85739620679,7.5,7.5,217.74979615211487,289.61546501572917,0,0
174,43879.0,365,0.1,7051.332208670002,13.5,13.5,218.9917950630188,293.88109506018156,0,0
175,31710.0,365,0.1,7743.004234334867,7.5,12.0,220.20675206184387,300.42215514867934,0,0
176,29654.0,365,0.1,7042.625725147822,15.0,9.0,221.37218070030212,313.18948921905616,0,0
177,29014.0,365,0.1,5287.574080961044,4.5,9.0,222.61975765228271,292.56712335102395,0,0
178,45050.0,365,0.1,5229.71190536708,7.5,13.5,223.8522527217865,296.1472293328954,0,0
179,35891.0,365,0.1,5793.77899562888,4.5,12.0,225.12587714195251,286.58370098810025,0,0
180,31587.0,365,0.1,6707.1313915513965,21.0,12.0,226.37968063354492,291.1141996712959,0,0
181,39599.0,365,0.1,5227.44698511411,10.5,13.5,227.63861966133118,289.9266699530507,0,0
182,31458.0,365,0.1,6539.034562704008,13.5,10.5,228.94060397148132,280.34131990262443,0,0
183,37873.0,365,0.1,5856.731295232904,4.5,12.0,230.23151850700378,282.7452863502514,0,0
184,41293.0,365,0.1,5822.496583954276,15.0,15.0,231.52899384498596,281.3155590052639,0,0
185,43912.0,365,0.1,7995.613334091396,7.5,15.0,232.80414605140686,286.24033912350217,0,0
186,42523.0,365,0.1,6121.8726008167005,18.0,15.0,234.09676837921143,282.37172772648034,0,0
187,33155.0,365,0.1,7544.6954521283715,12.0,12.0,235.3789255619049,284.6764850103863,0,0
188,43162.0,365,0.1,6453.917268768729,10.5,13.5,236.6438057422638,288.5648820083796,0,0
189,47524.0,365,0.1,6514.505435891348,12.0,15.0,237.89081192016602,292.7010358633683,0,0
190,23876.0,365,0.1,6113.0972334352255,7.5,7.5,239.2337622642517,271.78964703158783,0,0
191,19251.0,365,0.1,6596.292220609482,13.5,7.5,240.48486471176147,291.7426951937531,0,0
192,27045.0,365,0.1,7820.2096241572135,22.5,9.0,241.7775957584381,282.3479802224486,0,0
193,30234.0,365,0.1,6500.13967368766,22.5,9.0,243.27054834365845,244.4819772666334,0,0
194,27732.0,365,0.1,8584.923401631395,22.5,7.5,244.57924675941467,278.9030655233783,0,0
195,36713.0,365,0.1,6256.363309426503,10.5,12.0,245.850932598114,287.0205744944962,0,0
196,32849.0,365,0.1,6916.553004685494,15.0,10.5,247.05435919761658,303.30059195207485,0,0
197,31123.0,365,0.1,8150.225555670751,16.5,7.5,248.15829491615295,330.63519358167457,0,0
198,29226.0,365,0.1,8028.875325660183,4.5,12.0,249.2830286026001,324.5212661434348,0,0
199,37543.0,365,0.1,7914.9233905949,18.0,10.5,250.41208505630493,323.278786284163,0,0
200,39279.0,365,0.1,6209.771342321945,7.5,13.5,251.464204788208,346.91869084119094,0,0
201,40638.0,365,0.1,7569.767348365262,12.0,13.5,252.5806531906128,326.9295734704843,0,0
202,34885.0,365,0.1,4882.443425593964,7.5,12.0,253.6831579208374,331.0643392211477,0,0
203,46477.0,365,0.1,6673.05691645374,7.5,13.5,254.74035787582397,345.2516227213006,0,0
204,35552.0,365,0.1,5743.404584576332,10.5,15.0,255.79769730567932,345.2060801798862,0,0
205,40384.0,365,0.1,6960.774954265437,18.0,12.0,256.8627510070801,342.70572415264377,0,0
206,40033.0,365,0.1,6957.032260006421,15.0,12.0,257.91997718811035,345.2430582491868,0,0
207,35866.0,365,0.1,5437.047211863896,10.5,16.5,259.01355242729187,333.7676155443887,0,0
208,29207.0,365,0.1,6887.80983359977,12.0,7.5,260.09737062454224,336.77234883673356,0,0
209,50723.0,365,0.1,5997.703866033685,10.5,15.0,261.18599033355713,335.28696658477156,0,0
210,27884.0,365,0.1,5268.666249732449,13.5,10.5,262.2369191646576,347.3118152232972,0,0
211,35504.0,365,0.1,6521.885619615528,7.5,13.5,263.3238694667816,335.8019214740075,0,0
212,35726.0,365,0.1,5916.565420574031,18.0,13.5,264.43689036369324,327.93634064984013,0,0
213,24498.0,365,0.1,6192.82281335282,18.0,7.5,265.5774943828583,320.0058862384094,0,0
214,37835.0,365,0.1,6457.563531076092,12.0,10.5,266.7224214076996,318.7976107478033,0,0
215,29887.0,365,0.1,6404.104473375294,15.0,12.0,267.8588478565216,321.18224666307776,0,0
216,34442.0,365,0.1,6488.850968285129,7.5,10.5,269.0801169872284,298.86942265441763,0,0
217,31993.0,365,0.1,6174.959148082994,7.5,10.5,270.3100161552429,296.7722960486538,0,0
218,32332.0,365,0.1,7376.562199255538,10.5,10.5,271.5404522418976,296.6427951510835,0,0
219,45247.0,365,0.1,6427.841207760327,10.5,16.5,272.8285517692566,283.3631969016864,0,0
220,23984.0,365,0.1,6231.446636461232,7.5,9.0,274.10795497894287,285.2892639604219,0,0
221,33183.0,365,0.1,6574.464340920645,15.0,10.5,275.3999798297882,282.5023061756052,0,0
222,28040.0,365,0.1,6264.641187526755,4.5,9.0,276.71909284591675,276.70108287706626,0,0
223,31619.0,365,0.1,6556.800138792273,10.5,9.0,278.026784658432,279.1177527508921,0,0
224,38417.0,365,0.1,6396.564144353997,7.5,13.5,279.34501600265503,276.88614870186865,0,0
225,35696.0,365,0.1,6378.456040641053,18.0,10.5,280.6432342529297,281.1545746817059,0,0
226,33912.0,365,0.1,7185.939761728783,4.5,12.0,281.9246027469635,284.8517047980174,0,0
227,27319.0,365,0.1,5879.683820374371,7.5,9.0,283.2307481765747,279.4482082356233,0,0
228,25587.0,365,0.1,6272.494093385461,16.5,7.5,284.51011323928833,285.29777046264604,0,0
229,39435.0,365,0.1,7466.247466204917,13.5,12.0,285.8015296459198,282.6354056876712,0,0
230,30750.0,365,0.1,5096.234755675433,4.5,10.5,287.0860130786896,284.1609246862282,0,0
231,28366.0,365,0.1,6287.803070820848,12.0,7.5,288.4040951728821,276.917501275677,0,0
232,31996.0,365,0.1,7445.268120083743,10.5,9.0,289.81246066093445,259.16568042629285,0,0
233,23022.0,365,0.1,5570.695554424965,22.5,9.0,291.14148569107056,274.63741594288825,0,0
234,41279.0,365,0.1,5430.991779400551,10.5,12.0,292.4422206878662,280.6105785568723,0,0
235,29770.0,365,0.1,5319.369738017043,21.0,9.0,293.7638738155365,276.1692855396899,0,0
236,21757.0,365,0.1,6162.124038236435,16.5,7.5,294.98726511001587,298.3509868405026,0,0
237,34609.0,365,0.1,4977.54169470382,13.5,12.0,296.2544357776642,288.0432836070826,0,0
238,37128.0,365,0.1,5157.956115346412,13.5,12.0,297.5741038322449,276.5847053227148,0,0
239,33998.0,365,0.1,6226.990474084306,7.5,7.5,298.89933800697327,275.4230210481907,0,0
240,39054.0,365,0.1,5952.143095836901,10.5,12.0,300.15809893608093,289.9676908932565,0,0
241,47864.0,365,0.1,6749.602546336553,13.5,16.5,301.3397147655487,308.8990439171793,0,0
242,31871.0,365,0.1,7058.7931117645685,10.5,10.5,302.54502630233765,302.8262725937173,0,0
243,25746.0,365,0.1,6025.53922813102,10.5,10.5,303.70087146759033,315.78624107512303,0,0
244,26801.0,365,0.1,5780.0912952579865,4.5,9.0,304.8423354625702,319.7647946893328,0,0
245,20959.0,365,0.1,4913.80978661106,16.5,9.0,305.9570016860962,327.452283290152,0,0
246,37728.0,365,0.1,5993.06600308353,10.5,12.0,307.0865023136139,323.1516575622975,0,0
247,33390.0,365,0.1,5523.3483809797735,21.0,10.5,308.18497252464294,332.2802897477448,0,0
248,22962.0,365,0.1,5088.1681485946865,10.5,10.5,309.24491024017334,344.3598568594694,0,0
249,31453.0,365,0.1,6266.741430036989,13.5,12.0,310.32309794425964,338.53103556705327,0,0
250,30726.0,365,0.1,6144.26334044574,18.0,13.5,311.37584614753723,346.71158674374584,0,0
251,55217.0,365,0.1,4891.611001168865,13.5,18.0,312.434853553772,344.6623676577891,0,0
252,48200.0,365,0.1,5835.200859926825,18.0,15.0,313.45363330841064,358.27174454350404,0,0
253,46625.0,365,0.1,5831.472332178403,10.5,16.5,314.44399428367615,368.55248653365834,0,0
254,31117.0,365,0.1,5542.318789129388,13.5,12.0,315.43508553504944,368.2809221595318,0,0
255,45867.0,365,0.1,5012.951037764876,12.0,13.5,316.39688205718994,379.49814913832614,0,0
256,39250.0,365,0.1,6553.572634469646,7.5,13.5,317.39169931411743,366.9015565002447,0,0
257,28533.0,365,0.1,5634.234853248074,18.0,9.0,318.47325801849365,337.4759026238067,0,0
258,37118.0,365,0.1,5829.564178968456,4.5,12.0,319.54930782318115,339.2036301758366,0,0
259,32344.0,365,0.1,5460.222706332272,7.5,15.0,320.86438727378845,277.5497707240761,0,0
260,37670.0,365,0.1,6333.487535784996,16.5,9.0,321.966609954834,331.1490557005895,0,0
261,36500.0,365,0.1,5480.319722800059,15.0,12.0,323.05972623825073,333.907751203853,0,0
262,46481.0,365,0.1,6215.081811398023,13.5,13.5,324.1520550251007,334.14847653386107,0,0
263,33091.0,365,0.1,5529.913592863736,7.5,9.0,325.256795167923,330.39443924572083,0,0
264,46346.0,365,0.1,6808.315304189186,7.5,15.0,326.3658046722412,329.1225175066317,0,0
265,24523.0,365,0.1,5354.330546674337,18.0,7.5,327.43870854377747,340.1982318111769,0,0
266,29416.0,365,0.1,5516.53296124184,18.0,7.5,328.6091408729553,311.8505793977734,0,0
267,40467.0,365,0.1,6863.73775041136,21.0,13.5,329.8159930706024,302.4396862446055,0,0
268,50522.0,365,0.1,6732.133444297477,10.5,18.0,331.07421350479126,290.0922525831576,0,0
269,42438.0,365,0.1,7301.617175042139,13.5,15.0,332.33853483200073,288.69243296370246,0,0
270,35880.0,365,0.1,6205.425361361569,4.5,10.5,333.60801815986633,287.51854552802945,0,0
271,33548.0,365,0.1,6097.363458502782,7.5,10.5,334.87397837638855,288.3186969356035,0,0
272,41225.0,365,0.1,6232.033170099127,9.0,12.0,336.1257450580597,291.58788562155615,0,0
273,40575.0,365,0.1,5838.910962582941,4.5,12.0,337.39190220832825,288.2738528330253,0,0
274,49544.0,365,0.1,7106.298177055463,10.5,15.0,338.61867809295654,297.527857022224,0,0
275,38270.0,365,0.1,5860.712468311885,12.0,15.0,339.94259810447693,275.6964143028816,0,0
276,38548.0,365,0.1,6265.460601095957,4.5,12.0,341.30654287338257,267.60614382711225,0,0
277,30034.0,365,0.1,6192.254366772795,7.5,9.0,342.63295340538025,275.17875589413535,0,0
278,40767.0,365,0.1,8258.325320476375,4.5,16.5,343.85467004776,298.75994755135923,0,0
279,36265.0,365,0.1,6734.275090173172,12.0,13.5,345.1412785053253,283.69159075069484,0,0
280,40897.0,365,0.1,5124.443810951547,18.0,7.5,346.4036474227905,289.13893153588293,0,0
281,39147.0,365,0.1,8315.91340005953,15.0,9.0,347.7235963344574,276.52585397344455,0,0
282,39074.0,365,0.1,6834.992805292835,12.0,12.0,349.03471755981445,278.3876829547932,0,0
283,30771.0,365,0.1,8154.386370765999,16.5,9.0,350.3290297985077,282.00305080056347,0,0
284,36884.0,365,0.1,6741.854261591663,7.5,10.5,351.6229043006897,282.09845652299293,0,0
285,36829.0,365,0.1,8045.561874765893,12.0,13.5,352.8209578990936,304.6608269331688,0,0
286,17038.0,365,0.1,7530.274009725492,18.0,4.5,354.03042101860046,301.78679623470487,0,0
287,32389.0,365,0.1,8629.442036333476,22.5,9.0,355.2935140132904,288.97318054526824,0,0
288,35658.0,365,0.1,6086.082548627462,13.5,12.0,356.55402302742004,289.5655611412082,0,0
289,43091.0,365,0.1,8124.505855946998,10.5,15.0,357.7363200187683,308.7210765746445,0,0
290,35016.0,365,0.1,5642.244575897635,7.5,12.0,358.8969097137451,314.4952962961593,0,0
291,33613.0,365,0.1,6832.000116301236,18.0,6.0,360.0943922996521,304.80610264870467,0,0
292,34965.0,365,0.1,7421.5890855763055,18.0,6.0,361.20450091362,328.7966559374485,0,0
293,39931.0,365,0.1,6141.096870150632,16.5,13.5,362.34718132019043,319.4243971466063,0,0
294,29233.0,365,0.1,6684.186334813784,13.5,10.5,363.4421577453613,333.3405099959414,0,0
295,37255.0,365,0.1,7509.215997230844,18.0,12.0,364.46939849853516,355.3207939543606,0,0
296,26334.0,365,0.1,8040.191750973218,10.5,10.5,365.53793501853943,341.58869927865504,0,0
297,36358.0,365,0.1,6631.9094948964575,4.5,13.5,366.59464931488037,345.410298000014,0,0
298,42559.0,365,0.1,6551.600206181774,4.5,13.5,367.6170697212219,356.99600451643084,0,0
299,41421.0,365,0.1,6215.333022527825,15.0,13.5,368.60911989212036,367.9249403983696,0,0
300,22612.0,365,0.1,8374.879491058768,18.0,4.5,369.6336531639099,356.2597819419325,0,0
301,45949.0,365,0.1,6370.158072777317,7.5,15.0,370.60380244255066,376.2307595707258,0,0
302,26925.0,365,0.1,6898.569762431105,4.5,7.5,371.6070420742035,363.8213528293977,0,0
303,32297.0,365,0.1,6098.595856632598,15.0,10.5,372.6332790851593,355.6683262281181,0,0
304,40398.0,365,0.1,6817.20236105723,7.5,13.5,373.6879858970642,346.0677373845468,0,0
305,35068.0,365,0.1,6078.959118067075,15.0,7.5,374.76537442207336,338.7821491758494,0,0
306,30577.0,365,0.1,7767.478750234108,18.0,9.0,375.8247764110565,344.5339954008751,0,0
307,26847.0,365,0.1,6498.476272457593,10.5,9.0,376.8864667415619,343.7913952049067,0,0
308,33820.0,365,0.1,5815.032650464202,10.5,12.0,377.9838011264801,332.62422559300774,0,0
309,18080.0,365,0.1,6210.077171764635,16.5,6.0,379.10387563705444,325.8711778137321,0,0
310,39499.0,365,0.1,6357.453055938303,7.5,12.0,380.2042455673218,331.706628798302,0,0
311,33888.0,365,0.1,6229.078791035691,21.0,12.0,381.32208275794983,326.5233998834181,0,0
312,40735.0,365,0.1,6711.588433670671,10.5,13.5,382.49832034111023,310.3114585229385,0,0
313,28906.0,365,0.1,5632.435895945928,18.0,9.0,383.68477153778076,307.64012967771276,0,0
314,35990.0,365,0.1,7000.363373388003,4.5,13.5,384.8847908973694,304.1617596278823,0,0
315,41218.0,365,0.1,7969.828239378211,7.5,13.5,386.15244030952454,287.9345002649097,0,0
316,35608.0,365,0.1,7113.712848652879,15.0,7.5,387.45292568206787,280.664440912685,0,0
317,43238.0,365,0.1,5893.109288714683,4.5,15.0,388.7543544769287,280.46098368295975,0,0
318,31394.0,365,0.1,8207.19887862532,10.5,12.0,390.0825138092041,274.8164253566515,0,0
319,37711.0,365,0.1,5770.607486212743,10.5,13.5,391.39377188682556,278.35862842659253,0,0
320,40686.0,365,0.1,5839.448843007545,13.5,12.0,392.6575713157654,288.8116513125762,0,0
321,26572.0,365,0.1,6991.467573484656,7.5,9.0,394.1135232448578,250.69509006903067,0,0
322,33472.0,365,0.1,6370.190595485739,16.5,10.5,395.44041991233826,275.0779385806036,0,0
323,36471.0,365,0.1,7707.418012895976,10.5,9.0,396.7746322154999,273.5696553952294,0,0
324,35626.0,365,0.1,6137.865694145307,15.0,10.5,398.10862827301025,273.6140020392534,0,0
325,18998.0,365,0.1,6707.109370819509,13.5,6.0,399.510794878006,260.31143424722495,0,0
326,31140.0,365,0.1,7031.096372755913,21.0,12.0,400.8378736972809,275.040182013779,0,0
327,37241.0,365,0.1,8249.214628287538,7.5,13.5,402.1046416759491,288.1348488013837,0,0
328,45207.0,365,0.1,6985.5042719174735,12.0,15.0,403.336865901947,296.2123226431475,0,0
329,42402.0,365,0.1,5770.905876013351,21.0,9.0,404.56973004341125,296.0585742776987,0,0
330,40693.0,365,0.1,6612.273915748074,13.5,12.0,405.78441977500916,300.488256799413,0,0
331,44450.0,365,0.1,7619.218130409554,7.5,13.5,407.04865407943726,288.71230492761737,0,0
332,23564.0,365,0.1,7095.734388628398,7.5,7.5,408.23443269729614,307.8146245030679,0,0
333,29644.0,365,0.1,5909.439424363228,13.5,10.5,409.50455045700073,287.37492819948716,0,0
334,38205.0,365,0.1,6308.653975646136,10.5,12.0,410.72550320625305,298.9468677010775,0,0
335,24680.0,365,0.1,5818.178646223512,13.5,9.0,411.89948320388794,310.90819327018585,0,0
336,27275.0,365,0.1,7168.584104438677,13.5,9.0,413.031368970871,322.4707038881527,0,0
337,42164.0,365,0.1,5788.0492006066725,7.5,16.5,414.1377971172333,329.8903785121887,0,0
338,27838.0,365,0.1,6570.623332987746,15.0,6.0,415.2224831581116,336.5029015257271,0,0
339,39726.0,365,0.1,5852.43887964536,4.5,13.5,416.2840118408203,343.8437471784715,0,0
340,35887.0,365,0.1,6218.227892481138,15.0,10.5,417.4756565093994,306.2993605595704,0,0
341,28623.0,365,0.1,6152.713286601027,10.5,9.0,418.7305221557617,290.8677921481781,0,0
342,34257.0,365,0.1,6255.581200502997,10.5,12.0,420.03321504592896,280.18883249845805,0,0
343,32598.0,365,0.1,5353.990694396137,12.0,4.5,421.1211476325989,335.49872893984815,0,0
344,48378.0,365,0.1,6102.658596258294,4.5,16.5,422.25179648399353,322.8234827725453,0,0
345,44175.0,365,0.1,4910.592054100559,4.5,15.0,423.3500747680664,332.3383565833853,0,0
346,43730.0,365,0.1,5070.1344453158445,18.0,13.5,424.50314450263977,316.54633631941607,0,0
347,37187.0,365,0.1,5285.876391392538,13.5,13.5,425.76404213905334,289.47631390458093,0,0
348,46536.0,365,0.1,4751.509871893059,4.5,18.0,426.9333918094635,312.1393106238052,0,0
349,21415.0,365,0.1,5563.953471646244,7.5,7.5,428.15171360969543,299.59243931325403,0,0
350,27575.0,365,0.1,5135.735761166925,15.0,7.5,429.3402225971222,307.1074799276545,0,0
351,33866.0,365,0.1,4706.674847955573,7.5,13.5,430.4525046348572,328.15417998053266,0,0
352,35105.0,365,0.1,5228.1876498287675,13.5,10.5,431.6946244239807,293.8524957061922,0,0
353,16694.0,365,0.1,5839.607616267792,18.0,6.0,433.0011839866638,279.3596330583266,0,0
354,41838.0,365,0.1,5319.495130063409,10.5,13.5,434.29882645606995,281.2793266291939,0,0
355,23247.0,365,0.1,5909.382893517899,10.5,4.5,435.6119701862335,277.9589100688415,0,0
356,39568.0,365,0.1,5446.525711268595,7.5,13.5,436.84014534950256,297.18887901012164,0,0
357,42263.0,365,0.1,6153.823327009645,12.0,12.0,438.14041113853455,280.71183836324263,0,0
358,39020.0,365,0.1,5981.051182702469,12.0,13.5,439.46381545066833,275.80384668045457,0,0
359,38518.0,365,0.1,6235.661911721426,4.5,12.0,440.7638473510742,280.7623412056605,0,0
360,24114.0,365,0.1,5520.142910055918,18.0,7.5,442.04035234451294,285.9369934909088,0,0
361,35512.0,365,0.1,6001.654032584413,4.5,12.0,443.32097268104553,285.01811941256057,0,0
362,52023.0,365,0.1,6140.514607803136,10.5,16.5,444.58486223220825,288.7910574655965,0,0
363,32129.0,365,0.1,5354.235724211392,12.0,10.5,445.85717582702637,286.8789593120546,0,0
364,41716.0,365,0.1,5679.372004511585,7.5,13.5,447.1409091949463,284.32695536412075,0,0
365,35239.0,365,0.1,6131.016121475011,18.0,13.5,448.3664093017578,297.83759134027997,0,0
366,48746.0,365,0.1,6578.951860568948,7.5,16.5,449.6649696826935,281.0804991116406,0,0
367,23103.0,365,0.1,6510.107437175594,7.5,7.5,450.9589469432831,282.0760542837423,0,0
368,45185.0,365,0.1,6303.414543925246,7.5,15.0,452.24022364616394,284.87211168307635,0,0
369,44047.0,365,0.1,7589.490953837356,7.5,13.5,453.3915340900421,317.03004340905864,0,0
370,34144.0,365,0.1,6786.910329447707,13.5,13.5,454.52446126937866,322.1742815047894,0,0
371,33362.0,365,0.1,7149.436166423641,18.0,13.5,455.8299255371094,279.5940180227829,0,0
372,37931.0,365,0.1,7166.023953623315,13.5,15.0,457.07913398742676,292.1850231698845,0,0
373,25745.0,365,0.1,6572.887154148049,13.5,7.5,458.29200315475464,300.93930147811875,0,0
374,35289.0,365,0.1,7299.912145243606,13.5,10.5,459.4406270980835,317.7715405637322,0,0
375,31641.0,365,0.1,7348.452859455266,7.5,12.0,460.5935232639313,316.59399242740864,0,0
376,30513.0,365,0.1,6287.632281243311,15.0,10.5,461.73958110809326,318.48305201985056,0,0
377,38470.0,365,0.1,6962.046447335857,13.5,12.0,462.88752698898315,317.9592401316432,0,0
378,46716.0,365,0.1,7655.700333603114,7.5,13.5,463.9713430404663,336.7730155873902,0,0
379,26285.0,365,0.1,7759.910683995077,16.5,7.5,465.0705852508545,332.0469288302756,0,0
380,17279.0,365,0.1,6057.377471004121,13.5,6.0,466.1213159561157,347.3773043581652,0,0
381,41782.0,365,0.1,7316.639171443573,18.0,16.5,467.1865313053131,342.6537181190809,0,0
382,38658.0,365,0.1,7575.363721121174,16.5,12.0,468.21343970298767,355.4357923516298,0,0
383,41817.0,365,0.1,7396.362141230335,10.5,16.5,469.209233045578,366.54191626802276,0,0
384,37658.0,365,0.1,7442.539004725626,4.5,13.5,470.25097608566284,350.37431108757363,0,0
385,34837.0,365,0.1,8184.81669290621,7.5,12.0,471.24454951286316,367.3608713837022,0,0
386,47884.0,365,0.1,8776.0096300099,7.5,16.5,472.2387933731079,367.11315462400614,0,0
387,28378.0,365,0.1,6507.930152788555,10.5,10.5,473.24206495285034,363.80976733508777,0,0
388,13346.0,365,0.1,6615.446622331175,16.5,6.0,474.23399448394775,367.96968792348144,0,0
389,26247.0,365,0.1,6121.64331886605,18.0,10.5,475.1845977306366,383.96670879399386,0,0
390,27280.0,365,0.1,6034.0188308506795,15.0,9.0,476.22384119033813,351.2170286881814,0,0
391,23723.0,365,0.1,8007.738926592265,13.5,7.5,477.2928156852722,341.4487452504726,0,0
392,28626.0,365,0.1,6458.045997598727,7.5,9.0,478.3886082172394,333.09224999439743,0,0
393,42349.0,365,0.1,5707.1252443914545,4.5,13.5,479.5209584236145,322.3384408331037,0,0
394,36736.0,365,0.1,7344.392000464871,13.5,7.5,480.6547181606293,321.93769815909843,0,0
395,42303.0,365,0.1,6430.252317747351,4.5,16.5,481.8034212589264,317.7496435250238,0,0
396,31508.0,365,0.1,6285.787253978155,13.5,12.0,482.9628005027771,314.8236454429752,0,0
397,25302.0,365,0.1,6989.705063576895,16.5,9.0,484.0211753845215,344.8683508044115,0,0
398,36550.0,365,0.1,6384.104800707673,7.5,13.5,485.1713879108429,317.332659528006,0,0
399,38184.0,365,0.1,5892.61859298079,10.5,12.0,486.54656434059143,265.42048867631036,0,0
400,33150.0,365,0.1,5535.942186413073,10.5,10.5,488.0225758552551,247.2880437407454,0,0
401,34484.0,365,0.1,6687.161986426785,16.5,10.5,489.4226408004761,260.70219188467615,0,0
402,36703.0,365,0.1,7192.686692412912,21.0,12.0,490.825208902359,260.2369179150666,0,0
403,42942.0,365,0.1,6760.408268507866,7.5,13.5,492.1782829761505,269.75611096975547,0,0
404,54381.0,365,0.1,7605.996432453312,4.5,16.5,493.47757363319397,280.9225156983423,0,0
405,38613.0,365,0.1,5708.831952865809,7.5,12.0,494.7895920276642,278.1973191369659,0,0
406,29978.0,365,0.1,5923.544729739672,10.5,15.0,496.0748653411865,283.9862900441806,0,0
407,46122.0,365,0.1,6534.849902761799,7.5,16.5,497.4225149154663,270.84192134670053,0,0
408,39870.0,365,0.1,6096.502592823604,13.5,13.5,498.67015504837036,292.5523076517366,0,0
409,33016.0,365,0.1,5928.2749530530955,13.5,12.0,499.97957396507263,278.7496005626991,0,0
410,34154.0,365,0.1,7718.213426020374,16.5,7.5,501.27207589149475,282.3980317076869,0,0
411,30111.0,365,0.1,7414.993048095703,15.0,10.5,502.59457516670227,275.9925898203053,0,0
412,38631.0,365,0.1,6852.4615177938385,10.5,13.5,503.8672287464142,286.8023206147141,0,0
413,35403.0,365,0.1,5695.9087619729235,7.5,10.5,505.18632555007935,276.7044836935648,0,0
414,29610.0,365,0.1,6556.323214512655,10.5,10.5,506.5202476978302,273.6291624030921,0,0
415,21371.0,365,0.1,5241.355819827563,7.5,9.0,507.80625104904175,283.8250768601282,0,0
416,38656.0,365,0.1,5539.160393116572,10.5,12.0,509.1421842575073,273.2172519457249,0,0
417,29788.0,365,0.1,5315.128149288647,16.5,7.5,510.4448823928833,280.1877043407727,0,0
418,42481.0,365,0.1,6798.888068463051,10.5,13.5,511.74287128448486,281.2042555692706,0,0
419,26550.0,365,0.1,6413.172990940042,15.0,7.5,513.3327407836914,229.5785913134133,0,0
420,33298.0,365,0.1,7299.807257498127,4.5,13.5,515.6771619319916,155.68875083073033,0,0
421,26872.0,365,0.1,6347.53638305664,15.0,9.0,518.0293197631836,155.176661684742,0,0
422,44145.0,365,0.1,6308.843321499759,10.5,13.5,519.7571196556091,211.25131538676166,0,0
423,43013.0,365,0.1,7259.893702342412,4.5,13.5,521.5937740802765,198.73090718527857,0,0
424,36662.0,365,0.1,7222.932920440256,15.0,12.0,523.0538578033447,249.98566468023125,0,0
425,38568.0,365,0.1,6688.8055068760705,12.0,12.0,524.8559653759003,202.54062829467995,0,0
426,37658.0,365,0.1,6001.414142347362,12.0,12.0,526.4308717250824,231.7598123783993,0,0
427,40525.0,365,0.1,5161.920656094486,12.0,15.0,527.6344888210297,303.2525885757208,0,0
428,28542.0,365,0.1,5151.614856500495,15.0,9.0,529.1867020130157,235.14811102267214,0,0
429,30451.0,365,0.1,6852.802750010033,18.0,9.0,530.6131463050842,255.88100567931392,0,0
430,33042.0,365,0.1,6953.1168014317345,13.5,10.5,532.1028733253479,245.01133095873993,0,0
431,37898.0,365,0.1,5531.6118268574755,7.5,13.5,533.7248573303223,225.03304525852502,0,0
432,26475.0,365,0.1,5246.75214024374,12.0,7.5,535.354100227356,224.0304381038232,0,0
433,36152.0,365,0.1,6011.625621137227,13.5,12.0,536.9153800010681,233.78257128904073,0,0
434,26104.0,365,0.1,6157.516682413179,7.5,9.0,538.5857172012329,218.5187517610152,0,0
435,34865.0,365,0.1,4879.788933490074,10.5,12.0,540.6090466976166,180.3957292434925,0,0
436,41996.0,365,0.1,7963.084388293959,7.5,15.0,542.8970465660095,159.52798120411185,0,0
437,31585.0,365,0.1,6145.753599318413,12.0,10.5,544.839075088501,187.9478060042787,0,0
438,46627.0,365,0.1,5519.849474512388,12.0,16.5,547.1088786125183,160.80686990651293,0,0
439,32270.0,365,0.1,5692.108032895441,7.5,10.5,549.2799940109253,168.11635174611737,0,0
440,32333.0,365,0.1,5606.3314786728115,7.5,12.0,551.3228461742401,178.6717641905792,0,0
441,34166.0,365,0.1,6867.134505180464,18.0,15.0,553.0464453697205,211.76616985962264,0,0
442,36207.0,365,0.1,5237.5605171099105,12.0,7.5,554.5343310832977,245.3145404040768,0,0
443,44649.0,365,0.1,5229.619620879709,18.0,13.5,556.195779800415,219.6877918888113,0,0
444,35558.0,365,0.1,5721.789345770013,13.5,15.0,558.1568398475647,186.12382651439793,0,0
445,38467.0,365,0.1,5496.743704223632,16.5,13.5,559.8585476875305,214.4904027752092,0,0
446,26805.0,365,0.1,5417.85917354218,7.5,7.5,561.9680213928223,173.02894038658764,0,0
447,41012.0,365,0.1,6514.886685891347,7.5,12.0,563.7858345508575,200.7907129435117,0,0
448,43491.0,365,0.1,6028.982675881582,7.5,15.0,565.7376353740692,187.00678658357972,0,0
449,22191.0,365,0.1,4626.726923861569,18.0,6.0,567.3426961898804,227.40571348104228,0,0
450,32214.0,365,0.1,5314.180080842319,21.0,10.5,569.1739640235901,199.31546510080727,0,0
451,50394.0,365,0.1,5066.448732182751,7.5,16.5,570.9292867183685,207.9389738911058,0,0
452,28512.0,365,0.1,5974.208423687661,4.5,10.5,572.484375,234.7133627790393,0,0
453,40876.0,365,0.1,5501.596504023304,7.5,15.0,574.0683438777924,230.4338204603586,0,0
454,30400.0,365,0.1,6698.527601728048,15.0,6.0,575.799455165863,210.84721849788875,0,0
455,38311.0,365,0.1,5241.384459822145,13.5,12.0,577.6754004955292,194.56856989801463,0,0
456,29089.0,365,0.1,4609.430228246401,10.5,10.5,579.4568946361542,204.8841989858846,0,0
457,30479.0,365,0.1,5005.12007684577,16.5,12.0,581.0588519573212,227.84626979581776,0,0
458,40044.0,365,0.1,6864.334390467813,10.5,15.0,582.8060278892517,208.9085554175951,0,0
459,22638.0,365,0.1,6306.431062337797,12.0,6.0,584.2880544662476,246.2843822543826,0,0
460,11735.0,365,0.1,5683.417452208637,19.5,4.5,585.7323982715607,252.70991481205814,0,0
461,31706.0,365,0.1,4950.418774873917,15.0,10.5,587.052102804184,276.5770602260931,0,0
462,43714.0,365,0.1,5616.1337720061,4.5,13.5,588.5417973995209,245.01666391388795,0,0
463,40037.0,365,0.1,5818.293850331764,10.5,12.0,589.9596939086914,257.4235832017984,0,0
464,42362.0,365,0.1,5630.507204155073,13.5,12.0,591.35076212883,262.38828169307624,0,0
465,32210.0,365,0.1,5222.648417433647,13.5,9.0,592.9448938369751,228.96477005949353,0,0
466,46496.0,365,0.1,6075.153599360217,10.5,13.5,594.3666560649872,256.72365801301726,0,0
467,48620.0,365,0.1,7127.952162860191,4.5,16.5,595.7989983558655,254.827356787871,0,0
468,31495.0,365,0.1,5117.948140308955,7.5,12.0,597.2580525875092,250.16205161121013,0,0
469,33988.0,365,0.1,6749.213447591703,13.5,10.5,598.6587131023407,260.591339682263,0,0
470,31101.0,365,0.1,5905.027791480496,13.5,10.5,600.0364129543304,264.93433927052246,0,0
471,40824.0,365,0.1,4863.105595711486,12.0,12.0,601.3082454204559,286.9874843751523,0,0
472,30645.0,365,0.1,5709.530017173453,18.0,9.0,602.571042060852,289.04099704090567,0,0
473,35243.0,365,0.1,4769.119255964723,7.5,12.0,603.9031910896301,273.9933686959927,0,0
474,39279.0,365,0.1,6292.058095268354,10.5,12.0,605.3385746479034,254.2874327187321,0,0
475,32795.0,365,0.1,5821.040184543557,13.5,10.5,606.6153719425201,285.8715330451689,0,0
476,31406.0,365,0.1,4848.582282246629,13.5,10.5,607.7509338855743,321.4267634034112,0,0
477,34783.0,365,0.1,5666.361055473432,13.5,10.5,609.6355886459351,193.6694230035744,0,0
478,26000.0,365,0.1,3900.876519231927,7.5,10.5,611.5563611984253,190.02770501212467,0,0
479,34833.0,365,0.1,6708.471407119542,7.5,12.0,613.1724917888641,225.8480856431832,0,0
480,37186.0,365,0.1,5787.806296152611,7.5,13.5,615.03360414505,196.11927178218082,0,0
481,30544.0,365,0.1,5939.129755976429,18.0,9.0,617.207309961319,167.9160065120992,0,0
482,32478.0,365,0.1,4917.794824887628,15.0,6.0,618.7369902133942,238.61195795973282,0,0
483,47001.0,365,0.1,5370.2239933797755,12.0,16.5,620.5850157737732,197.5080907025652,0,0
484,22777.0,365,0.1,4892.846081333944,13.5,7.5,622.713627576828,171.4732575832671,0,0
485,37529.0,365,0.1,5871.355334472656,13.5,13.5,624.6216676235199,191.29577528146046,0,0
486,38246.0,365,0.1,5930.706733975345,4.5,12.0,626.1663491725922,236.2946590636877,0,0
487,21159.0,365,0.1,7234.95444996455,13.5,9.0,627.6677541732788,243.1056242872993,0,0
488,36607.0,365,0.1,6036.247548644184,13.5,12.0,629.5311818122864,195.87559632548604,0,0
489,32410.0,365,0.1,5215.972115629013,7.5,12.0,631.2677223682404,210.18800784614268,0,0
490,35990.0,365,0.1,5274.023108244595,7.5,12.0,633.3480150699615,175.45607870373553,0,0
491,36338.0,365,0.1,4920.8267023792005,16.5,12.0,635.058079957962,213.44219307770254,0,0
492,21496.0,365,0.1,5181.630400022742,7.5,9.0,636.3283219337463,287.3468260050479,0,0
493,30522.0,365,0.1,5209.364293054032,7.5,9.0,637.5731592178345,293.2110121262707,0,0
494,30512.0,365,0.1,6341.268180909875,12.0,9.0,638.8674712181091,282.0031027468999,0,0
495,29697.0,365,0.1,6849.960868312888,18.0,12.0,640.3798241615295,241.34577949410303,0,0
496,33095.0,365,0.1,6337.179776293611,16.5,13.5,642.5181460380554,170.6946012229991,0,0
497,28386.0,365,0.1,5923.178675152504,4.5,10.5,644.4251368045807,191.40103161855743,0,0
498,24917.0,365,0.1,4681.146759200423,9.0,7.5,646.1365265846252,213.2769543537284,0,0
499,33619.0,365,0.1,7106.712152601268,4.5,15.0,647.8928229808807,207.82369125063244,0,0
500,20426.0,365,0.1,6734.834214720007,16.5,7.5,649.5363590717316,222.08213256275124,0,0
501,41106.0,365,0.1,6657.438167624277,10.5,13.5,651.2076222896576,218.39767433699117,0,0
502,30079.0,365,0.1,7160.54614500281,12.0,10.5,652.8363206386566,224.10534168240804,0,0
503,25235.0,365,0.1,5089.145149377274,10.5,7.5,654.5107514858246,217.98451731663866,0,0
504,43090.0,365,0.1,5868.126610784661,10.5,15.0,656.1565411090851,221.77804188417053,0,0
505,39480.0,365,0.1,5487.81153171487,10.5,12.0,657.8176712989807,219.7299177513192,0,0
506,49486.0,365,0.1,5830.56579890839,7.5,16.5,659.2767095565796,250.16479047004322,0,0
507,44866.0,365,0.1,7437.210939924685,4.5,15.0,660.9525849819183,217.79661810257912,0,0
508,30115.0,365,0.1,6203.723075594968,4.5,9.0,662.5501792430878,228.46852224720766,0,0
509,38039.0,365,0.1,4905.518626215687,10.5,12.0,664.2072570323944,220.26726950019912,0,0
510,24268.0,365,0.1,6266.139010243873,13.5,9.0,665.8722338676453,219.22226920653048,0,0
511,32866.0,365,0.1,6282.034815080198,7.5,13.5,667.5295691490173,220.233047653354,0,0
512,28863.0,365,0.1,5240.5760577476185,10.5,10.5,669.1912679672241,219.65472683785603,0,0
513,21648.0,365,0.1,6333.812920933554,16.5,9.0,670.8532176017761,219.62157721969115,0,0
514,36510.0,365,0.1,4267.489925687607,13.5,12.0,672.3945417404175,236.80937114352813,0,0
515,33550.0,365,0.1,6458.06250836098,16.5,12.0,673.8243288993835,255.28275149984276,0,0
516,20546.0,365,0.1,6545.275590159795,12.0,7.5,675.4803056716919,220.41371962676027,0,0
517,54675.0,365,0.1,5749.84101127729,10.5,16.5,677.1412172317505,219.75884133597307,0,0
518,42956.0,365,0.1,6464.7150049078955,10.5,13.5,678.7881691455841,221.62152819045437,0,0
519,32109.0,365,0.1,5177.869085484335,13.5,10.5,680.2415997982025,251.12997262197493,0,0
520,33400.0,365,0.1,7160.383764146779,10.5,10.5,681.904730796814,219.46557445248683,0,0
521,33151.0,365,0.1,5394.507942931293,10.5,10.5,683.5395972728729,223.25982295500725,0,0
522,43313.0,365,0.1,6385.6189964816995,12.0,13.5,685.2102599143982,218.47618479501352,0,0
523,46998.0,365,0.1,7003.306124083637,18.0,15.0,686.8980040550232,216.26500795602487,0,0
524,30166.0,365,0.1,5731.81135592526,16.5,10.5,688.5480189323425,221.21012665836687,0,0
525,39498.0,365,0.1,6004.456714703286,7.5,13.5,690.2182443141937,218.53338116287745,0,0
526,27588.0,365,0.1,5479.338021432537,21.0,9.0,691.821210861206,227.70281805337802,0,0
527,41014.0,365,0.1,5665.368190065149,12.0,13.5,693.5100922584534,216.11937972370865,0,0
528,37777.0,365,0.1,5725.225587693306,13.5,10.5,695.0279359817505,240.47271428387424,0,0
529,26029.0,365,0.1,5939.432390103275,10.5,10.5,696.7105038166046,216.93033257802915,0,0
530,48594.0,365,0.1,5916.8409095659645,12.0,13.5,698.3916947841644,217.10799489351515,0,0
531,23093.0,365,0.1,7178.634189469847,18.0,7.5,699.9980781078339,227.2184942546819,0,0
532,37962.0,365,0.1,6658.166234640879,18.0,7.5,701.6018500328064,227.5884708520826,0,0
533,32762.0,365,0.1,6413.799330201868,15.0,10.5,703.0624830722809,249.89164980912744,0,0
534,31284.0,365,0.1,5572.121462051183,13.5,13.5,704.3514478206635,283.1729886003577,0,0
535,31442.0,365,0.1,7854.724255747338,15.0,9.0,706.0321018695831,217.1773543964158,0,0
536,39883.0,365,0.1,8452.313504822614,13.5,15.0,707.622832775116,229.45427082007834,0,0
537,41828.0,365,0.1,7146.983665194577,13.5,12.0,708.9313459396362,278.94255090190006,0,0
538,33491.0,365,0.1,6655.861011703701,15.0,10.5,710.5034041404724,232.1796990759347,0,0
539,28148.0,365,0.1,6639.526505227285,7.5,10.5,712.2373428344727,210.50340549119127,0,0
540,44778.0,365,0.1,5629.126150303671,10.5,16.5,713.8975479602814,219.85235096910205,0,0
541,24041.0,365,0.1,6402.41269752816,10.5,9.0,715.590012550354,215.66182367474883,0,0
542,23522.0,365,0.1,6569.085809117148,21.0,7.5,717.2474565505981,220.2186016216751,0,0
543,22281.0,365,0.1,6866.989991154082,4.5,9.0,718.8401074409485,229.17765733312055,0,0
544,34376.0,365,0.1,5713.810852761465,7.5,12.0,720.5024225711823,219.57328869928023,0,0
545,27821.0,365,0.1,7791.914515832353,16.5,9.0,722.163768529892,219.70138012884263,0,0
546,28790.0,365,0.1,5260.317485318119,4.5,12.0,723.84135222435,217.57483767027423,0,0
547,33586.0,365,0.1,8752.741820620184,21.0,10.5,725.5186443328857,217.6126615885862,0,0
548,41103.0,365,0.1,6847.192586695005,18.0,15.0,727.1783139705658,219.9232857631897,0,0
549,36152.0,365,0.1,5475.987819305838,7.5,13.5,728.8304486274719,220.9263019053893,0,0
550,35540.0,365,0.1,8743.269884501418,18.0,10.5,730.421480178833,229.4109124911775,0,0
551,29440.0,365,0.1,7311.549068670403,12.0,9.0,732.0302329063416,226.88384222059466,0,0
552,32851.0,365,0.1,8583.393731062379,10.5,9.0,733.2794623374939,292.1801159161837,0,0
553,34146.0,365,0.1,6542.998733102459,7.5,12.0,734.4038319587708,324.6263444804735,0,0
554,31007.0,365,0.1,7092.093659826827,16.5,10.5,735.4747159481049,340.83990762338607,0,0
555,40879.0,365,0.1,7800.13043881769,12.0,16.5,736.500955581665,355.6674173007329,0,0
556,44494.0,365,0.1,6637.468560874626,18.0,13.5,737.6300323009491,323.2729838158782,0,0
557,38688.0,365,0.1,6111.335271171674,12.0,15.0,739.1141622066498,245.93534474172404,0,0
558,31219.0,365,0.1,8387.91126696443,12.0,10.5,740.7056410312653,229.34643826517052,0,0
559,19792.0,365,0.1,6346.072251996602,15.0,6.0,742.2600584030151,234.8146685912954,0,0
560,33190.0,365,0.1,7476.533151579556,10.5,7.5,743.7532374858856,244.4448922351129,0,0
561,27807.0,365,0.1,5971.160725298319,18.0,7.5,745.1943662166595,253.27369596190408,0,0
562,43697.0,365,0.1,5716.968614970168,7.5,13.5,746.4882705211639,282.0919589874974,0,0
563,34577.0,365,0.1,7149.509511827443,7.5,10.5,747.4626564979553,374.5948820014138,0,0
564,32158.0,365,0.1,6455.361138706991,13.5,12.0,748.4267394542694,378.5981254097467,0,0
565,37996.0,365,0.1,5807.611661728114,4.5,12.0,749.5413942337036,327.45564522252624,0,0
566,35178.0,365,0.1,5815.131846555945,7.5,13.5,750.5900344848633,348.0697976225446,0,0
567,35586.0,365,0.1,5679.288556618886,18.0,7.5,751.6102130413055,357.780505868394,0,0
568,23696.0,365,0.1,7102.101319655327,13.5,9.0,752.6090705394745,365.41749015159763,0,0
569,37314.0,365,0.1,5335.874529611247,4.5,13.5,753.8663771152496,290.3031027058556,0,0
570,39613.0,365,0.1,6906.601214014341,4.5,12.0,754.9580280780792,334.3559548135329,0,0
571,36855.0,365,0.1,5008.2211899848835,15.0,12.0,755.9011740684509,387.00265253330457,0,0
572,38554.0,365,0.1,5009.102518285464,7.5,12.0,756.8221521377563,396.3177975293966,0,0
573,30990.0,365,0.1,6709.519465281865,10.5,10.5,757.6373801231384,447.7275149342821,0,0
574,35751.0,365,0.1,6307.842639160156,10.5,10.5,758.4451835155487,451.8426184259186,0,0
575,44208.0,365,0.1,7417.770573864244,22.5,13.5,759.3269922733307,413.92194937832795,0,0
576,25122.0,365,0.1,6078.42388125903,16.5,9.0,760.2771561145782,384.1442750765568,0,0
577,33973.0,365,0.1,6089.459240722656,7.5,10.5,761.1910223960876,399.4019774940628,0,0
578,43547.0,365,0.1,5739.789488659167,7.5,15.0,762.1316964626312,388.01962654414314,0,0
579,27044.0,365,0.1,6764.8177450937765,10.5,9.0,763.2269051074982,333.2698310141113,0,0
580,38658.0,365,0.1,7494.070782596118,12.0,12.0,764.4263336658478,304.3115802597138,0,0
581,31717.0,365,0.1,6823.787450795631,12.0,9.0,765.4607737064362,352.84790386921964,0,0
582,27755.0,365,0.1,5551.578703788862,18.0,9.0,766.4856586456299,356.1375389974455,0,0
583,25865.0,365,0.1,5133.714431470061,12.0,9.0,767.4853241443634,365.1221338161812,0,0
584,26879.0,365,0.1,4141.185585628144,13.5,9.0,768.4659788608551,372.20032072633137,0,0
585,34400.0,365,0.1,5054.380805948336,4.5,10.5,769.4363188743591,376.1568057797966,0,0
586,24507.0,365,0.1,4950.005978644384,7.5,7.5,770.4143331050873,373.20520349509724,0,0
587,46267.0,365,0.1,5857.919685760916,10.5,13.5,771.3047404289246,409.9247504243382,0,0
588,43783.0,365,0.1,6147.5707455151705,12.0,9.0,772.1206111907959,447.37477681245815,0,0
589,39083.0,365,0.1,6299.614167513912,12.0,15.0,773.0050354003906,412.69788416042513,0,0
590,29202.0,365,0.1,5194.573209830506,9.0,10.5,773.9366273880005,391.8024251544513,0,0
591,22661.0,365,0.1,4974.628184655595,7.5,7.5,774.9572536945343,357.6235470939309,0,0
592,41319.0,365,0.1,5923.000659597737,13.5,13.5,775.9137954711914,381.58291556861406,0,0
593,31039.0,365,0.1,5112.932075897635,9.0,9.0,777.2410655021667,275.0005586517918,0,0
594,24746.0,365,0.1,3878.2519979816593,21.0,6.0,778.7240724563599,246.12157007624535,0,0
595,30690.0,365,0.1,4894.0970855294845,4.5,10.5,780.4017291069031,217.56537601529828,0,0
596,22298.0,365,0.1,5133.556397424985,7.5,9.0,782.1284577846527,211.38236985540064,0,0
597,32201.0,365,0.1,4246.603957084761,12.0,10.5,783.5489521026611,256.9528053528164,0,0
598,39923.0,365,0.1,4880.931452147602,13.5,15.0,785.1749749183655,224.47409499718037,0,0
599,21101.0,365,0.1,5050.464710329657,10.5,9.0,786.6963498592377,239.91456030605337,0,0
600,43002.0,365,0.1,4804.399390317316,12.0,12.0,788.2564961910248,233.95241367000585,0,0
601,47720.0,365,0.1,4744.624332877381,12.0,15.0,789.7678349018097,241.5077423712899,0,0
602,36849.0,365,0.1,3788.777224062567,15.0,10.5,791.6454842090607,194.39199779770811,0,0
603,32912.0,365,0.1,6081.383849240656,10.5,10.5,794.0234055519104,153.49540517710284,0,0
604,46064.0,365,0.1,4230.50250204426,10.5,15.0,796.4968910217285,147.56504715867194,0,0
605,35533.0,365,0.1,5012.611651381401,4.5,13.5,798.771960735321,160.4346441866319,0,0
606,44659.0,365,0.1,5876.584133493084,7.5,13.5,801.1413316726685,154.0493277125402,0,0
607,21867.0,365,0.1,4422.346869502656,7.5,7.5,803.4416139125824,158.67618054280834,0,0
608,40229.0,365,0.1,5328.938145227302,4.5,15.0,806.5042889118195,119.17686339259788,0,0
609,33790.0,365,0.1,5306.72283007478,10.5,12.0,809.2457458972931,133.14088163121045,0,0
610,37162.0,365,0.1,5123.09025766033,12.0,10.5,811.2898814678192,178.5595854124566,0,0
611,26567.0,365,0.1,6148.832495702456,18.0,7.5,813.0121829509735,211.925730523975,0,0
612,30745.0,365,0.1,6255.102113697627,15.0,10.5,814.9905323982239,184.4972335434975,0,0
613,43720.0,365,0.1,5561.231334654925,13.5,10.5,816.8093609809875,200.67861449889367,0,0
614,42721.0,365,0.1,5200.875773098044,12.0,13.5,818.6516664028168,198.12132976170247,0,0
615,36572.0,365,0.1,5258.1762890959435,13.5,9.0,820.362464427948,213.35072559018352,0,0
616,39975.0,365,0.1,6631.484879334333,18.0,12.0,822.2915830612183,189.2055748698295,0,0
617,30257.0,365,0.1,5712.052569621883,18.0,13.5,823.7897276878357,243.63468887787621,0,0
618,38013.0,365,0.1,5196.735323260582,7.5,12.0,825.5428280830383,208.20256557971427,0,0
619,36779.0,365,0.1,6129.944929567102,4.5,15.0,827.636759519577,174.31325287486544,0,0
620,35617.0,365,0.1,5364.399734706095,7.5,13.5,829.6938304901123,177.43675606147022,0,0
621,47675.0,365,0.1,4627.61264431052,18.0,15.0,831.6177186965942,189.71996333791526,0,0
622,26995.0,365,0.1,5481.709650536106,15.0,7.5,833.7399547100067,171.98841113486418,0,0
623,29080.0,365,0.1,6292.7082562172245,4.5,10.5,835.7786340713501,179.03747245446382,0,0
624,33684.0,365,0.1,6085.758952394251,13.5,12.0,837.3678817749023,229.66841429700435,0,0
625,33521.0,365,0.1,6001.077341743365,4.5,12.0,838.8723495006561,242.6107212217689,0,0
626,36980.0,365,0.1,5867.10308449105,4.5,15.0,840.3809013366699,241.95389994982082,0,0
627,41934.0,365,0.1,4739.6278138461175,13.5,12.0,841.8515605926514,248.1880139913287,0,0
628,31424.0,365,0.1,5421.829401721693,4.5,9.0,843.3109493255615,250.10471286300546,0,0
629,33853.0,365,0.1,6670.155207385756,4.5,16.5,844.5432097911835,296.2036113166843,0,0
630,39315.0,365,0.1,5632.741978391882,18.0,15.0,846.1577785015106,226.0665635753852,0,0
631,21935.0,365,0.1,7071.719431963359,7.5,3.0,847.6084864139557,251.60130228063457,0,0
632,29975.0,365,0.1,6259.15844500816,18.0,6.0,848.8494420051575,294.1281723438,0,0
633,52379.0,365,0.1,5839.393235987833,18.0,16.5,850.120888710022,287.0745573554324,0,0
634,40639.0,365,0.1,5849.225767287163,12.0,15.0,851.7614810466766,222.48061986213628,0,0
635,35044.0,365,0.1,6908.261784132866,7.5,10.5,853.2619514465332,243.25704794635803,0,0
636,41619.0,365,0.1,7067.784340636371,12.0,15.0,854.5606091022491,281.0594450303977,0,0
637,41137.0,365,0.1,6050.682801338091,10.5,13.5,856.2851994037628,211.6444698080696,0,0
638,37476.0,365,0.1,6416.579949574928,18.0,10.5,857.9876890182495,214.39190987960802,0,0
639,20633.0,365,0.1,6373.484940536708,10.5,6.0,859.601247549057,226.2080941168822,0,0
640,34842.0,365,0.1,6143.069255713894,7.5,10.5,861.3072810173035,213.94656482042166,0,0
641,22821.0,365,0.1,7265.277470753291,4.5,9.0,863.38258934021,175.8774809368148,0,0
642,38961.0,365,0.1,5831.654847654578,7.5,13.5,865.2304148674011,197.52947160267252,0,0
643,42657.0,365,0.1,6188.848993714215,7.5,15.0,866.7750310897827,236.30465270992607,0,0
644,34642.0,365,0.1,5741.911326494609,10.5,12.0,868.3131015300751,237.3103275625142,0,0
645,32238.0,365,0.1,6102.503973137843,7.5,9.0,869.7080502510071,261.65836386884,0,0
646,36224.0,365,0.1,6646.278206770387,13.5,12.0,871.3897848129272,217.03781813418365,0,0
647,22708.0,365,0.1,5268.072890399253,16.5,7.5,874.1793041229248,130.84691641740937,0,0
648,45887.0,365,0.1,6406.468649124772,16.5,12.0,876.3382105827332,169.06707483398876,0,0
649,39299.0,365,0.1,6596.897349569243,13.5,12.0,878.0397574901581,214.51068930704986,0,0
650,20686.0,365,0.1,5164.205086444175,13.5,9.0,880.5855712890625,143.37262220712148,0,0
651,50054.0,365,0.1,5158.510117580466,4.5,16.5,882.1951699256897,226.76460559436873,0,0
652,33088.0,365,0.1,5377.798954710242,10.5,10.5,884.0702924728394,194.6539443807714,0,0
653,40199.0,365,0.1,5493.243568608532,16.5,13.5,885.8632833957672,203.57046727485653,0,0
654,34979.0,365,0.1,6808.107026567851,13.5,10.5,887.7838246822357,190.05058759822995,0,0
655,37651.0,365,0.1,5224.4386462067905,10.5,12.0,889.2607860565186,247.12900848692254,0,0
656,43827.0,365,0.1,6813.521346167996,13.5,13.5,890.6807308197021,257.0522526394971,0,0
657,32435.0,365,0.1,5208.56788806654,7.5,10.5,892.8410232067108,168.95861050800232,0,0
658,23787.0,365,0.1,7184.720379178818,7.5,7.5,894.5940873622894,208.20686957661783,0,0
659,35643.0,365,0.1,7236.1014030561055,18.0,13.5,896.603844165802,181.6140138757423,0,0
660,31746.0,365,0.1,7395.484151343777,18.0,10.5,898.3723616600037,206.38755409358697,0,0
661,34706.0,365,0.1,6183.996105664397,18.0,10.5,900.2907667160034,190.26221749076043,0,0
662,34954.0,365,0.1,6034.987345321864,7.5,10.5,902.2303991317749,188.179985564338,0,0
663,35862.0,365,0.1,5613.591075782253,9.0,10.5,903.8642284870148,223.40154363698105,0,0
664,21774.0,365,0.1,7919.166283050955,10.5,13.5,905.1916573047638,274.96766313913974,0,0
665,24911.0,365,0.1,5490.0099205121605,10.5,7.5,906.5879988670349,261.3973614065714,0,0
666,41989.0,365,0.1,5587.12159039223,4.5,13.5,907.8830411434174,281.8440808122389,0,0
667,40316.0,365,0.1,5137.204463300313,18.0,15.0,909.3340816497803,251.54363258603,0,0
668,28646.0,365,0.1,6144.167909178015,10.5,10.5,910.6520149707794,276.94876074859985,0,0
669,35810.0,365,0.1,5413.483286651193,13.5,9.0,911.8534240722656,303.8099174947783,0,0
670,52874.0,365,0.1,5913.834217688155,7.5,16.5,913.1403012275696,283.632356434044,0,0
671,34779.0,365,0.1,6416.689753451413,18.0,15.0,914.4474427700043,279.23525352896985,0,0
672,39195.0,365,0.1,7040.76550840613,13.5,13.5,916.591623544693,170.22818425978497,0,0
673,26606.0,365,0.1,6823.615933603784,15.0,9.0,918.1879243850708,228.65364144869642,0,0
674,30341.0,365,0.1,6643.94198817423,18.0,7.5,919.5686681270599,264.3502837638586,0,0
675,43436.0,365,0.1,5417.56880723091,13.5,15.0,920.8726789951324,279.90564261133454,0,0
676,29921.0,365,0.1,6267.686871463306,21.0,4.5,922.0366363525391,313.5853712143263,0,0
677,41973.0,365,0.1,5020.738160475639,16.5,13.5,923.893057346344,196.6148848876643,0,0
678,34276.0,365,0.1,5437.1582691349395,13.5,10.5,925.7357430458069,198.0804431848529,0,0
679,20075.0,365,0.1,6482.291550936764,22.5,7.5,927.5215017795563,204.39491242674413,0,0
680,23603.0,365,0.1,4294.973811904698,7.5,10.5,929.3249659538269,202.38827319517782,0,0
681,22725.0,365,0.1,6363.09789395267,9.0,7.5,930.6251599788666,280.7273322063319,0,0
682,37008.0,365,0.1,5125.0268637043155,18.0,13.5,932.3570244312286,210.7555239107672,0,0
683,42325.0,365,0.1,5640.923759021498,10.5,16.5,933.9924647808075,223.18148142424835,0,0
684,38278.0,365,0.1,6551.322090504267,16.5,12.0,935.5070369243622,240.99215184517274,0,0
685,23187.0,365,0.1,5266.453535774963,10.5,7.5,937.1743831634521,218.9107405785233,0,0
686,17914.0,365,0.1,5998.008037995639,16.5,6.0,938.8263373374939,220.9504390227569,0,0
687,31872.0,365,0.1,7510.694869535263,15.0,9.0,940.435836315155,226.7786466881794,0,0
688,28615.0,365,0.1,5493.586128172156,7.5,10.5,942.0063428878784,232.40908783148848,0,0
689,38962.0,365,0.1,6972.96478012294,4.5,13.5,943.495195388794,245.15524524797027,0,0
690,49459.0,365,0.1,6213.538532915507,18.0,16.5,945.0224781036377,238.986532390201,0,0
691,49996.0,365,0.1,5289.890359538876,12.0,16.5,946.5064492225647,245.9616601325209,0,0
692,37870.0,365,0.1,5859.030128917955,7.5,13.5,948.0391137599945,238.14735128672322,0,0
693,48987.0,365,0.1,6206.722552406624,7.5,15.0,949.5873889923096,235.74619833854254,0,0
694,40857.0,365,0.1,6111.44006866037,12.0,12.0,951.0443956851959,250.51360558744545,0,0
695,44968.0,365,0.1,7164.176638710335,4.5,16.5,952.5350642204285,244.85658036852578,0,0
696,37105.0,365,0.1,6868.04539531551,7.5,13.5,953.9952640533447,249.96578671772264,0,0
697,31712.0,365,0.1,6546.748950696971,15.0,10.5,955.4548366069794,250.07321430584113,0,0
698,47905.0,365,0.1,7519.438286308393,4.5,15.0,956.8409540653229,263.32544749576783,0,0
699,37373.0,365,0.1,7703.513568136137,10.5,9.0,958.2369358539581,261.4647289609938,0,0
700,32008.0,365,0.1,7748.707072845877,7.5,10.5,959.6463248729706,258.9774683044947,0,0
701,41621.0,365,0.1,7470.343452390906,4.5,13.5,961.1467251777649,243.26841232549438,0,0
702,37051.0,365,0.1,8115.342132777384,9.0,10.5,962.5413610935211,261.7170516522105,0,0
703,43214.0,365,0.1,8803.49749086981,12.0,9.0,963.8337826728821,282.4155877840374,0,0
704,39721.0,365,0.1,6662.201693014903,12.0,12.0,965.1861665248871,269.89378752109593,0,0
705,28247.0,365,0.1,7058.23648719265,18.0,10.5,966.8239779472351,222.85837979852622,0,0
706,45901.0,365,0.1,7488.231365297918,16.5,13.5,968.6607940196991,198.71341800182108,0,0
707,43787.0,365,0.1,6378.093139188583,4.5,13.5,970.0222001075745,268.1051621927336,0,0
708,41090.0,365,0.1,9385.386887223753,7.5,13.5,971.3307082653046,278.9436182294602,0,0
709,44224.0,365,0.1,9077.695719178082,7.5,13.5,972.6678712368011,272.9659793012994,0,0
710,28607.0,365,0.1,6073.357934319483,12.0,9.0,974.0029125213623,273.3997848763003,0,0
711,49624.0,365,0.1,5814.185788214697,12.0,10.5,975.3089110851288,279.47963353600153,0,0
712,47552.0,365,0.1,7776.348704591516,10.5,15.0,976.6440052986145,273.3889461231678,0,0
713,46166.0,365,0.1,5208.650332850626,13.5,16.5,978.0121538639069,266.78389267031355,0,0
714,28682.0,365,0.1,6995.87550431343,7.5,10.5,979.3446607589722,273.9197833434933,0,0
715,37068.0,365,0.1,7841.869748886317,13.5,15.0,980.6573910713196,278.04644759616343,0,0
716,43794.0,365,0.1,7036.7249245839575,13.5,15.0,981.9396498203278,284.65393609700527,0,0
717,40179.0,365,0.1,6998.8892567255725,10.5,13.5,983.2145607471466,286.29451071593405,0,0
718,40755.0,365,0.1,7390.019753610271,13.5,13.5,984.5739629268646,268.5003786559415,0,0
719,36767.0,365,0.1,6550.401322163621,13.5,13.5,985.8478534221649,286.52384278442935,0,0
720,42013.0,365,0.1,6510.1853953740365,7.5,13.5,987.1874117851257,272.4778629228542,0,0
721,30693.0,365,0.1,9245.286514156813,12.0,6.0,988.5540797710419,267.07291292502504,0,0
722,34545.0,365,0.1,6108.600158775016,21.0,12.0,989.9148397445679,268.23246355065254,0,0
723,37031.0,365,0.1,8895.085643611543,12.0,10.5,991.2459478378296,274.2076333602719,0,0
724,39810.0,365,0.1,7168.483106054018,4.5,12.0,992.5933337211609,270.8949266245599,0,0
725,23356.0,365,0.1,7597.9426657480735,21.0,9.0,993.9936094284058,260.6629523825415,0,0
726,29580.0,365,0.1,6906.530152203286,16.5,4.5,995.2442889213562,291.84135668438904,0,0
727,30794.0,365,0.1,6482.690101728047,13.5,10.5,996.680757522583,254.0953555742702,0,0
728,31285.0,365,0.1,6975.24911691326,7.5,12.0,998.2303349971771,235.54808067638254,0,0
729,39272.0,365,0.1,7022.9664318345995,12.0,12.0,999.6271305084229,261.3124090544048,0,0
730,26602.0,365,0.1,8134.647351784902,15.0,9.0,1001.0872886180878,249.97292935883613,0,0
731,45794.0,365,0.1,7346.876597239873,4.5,15.0,1002.4230382442474,273.2548022861059,0,0
732,43439.0,365,0.1,7681.888928640706,4.5,13.5,1003.7558035850525,273.8666656648819,0,0
733,48152.0,365,0.1,6158.104711579624,4.5,15.0,1005.1316928863525,265.28296982549335,0,0
734,29530.0,365,0.1,6567.102671542233,21.0,12.0,1006.4505944252014,276.7454500952119,0,0
735,21760.0,365,0.1,6541.246951377555,21.0,7.5,1007.785885810852,273.3485768891933,0,0
736,28466.0,365,0.1,6572.2334310035185,12.0,12.0,1009.1293942928314,271.67673661594694,0,0
737,34986.0,365,0.1,6122.794961004388,10.5,12.0,1010.379362821579,292.00735186966835,0,0
738,32668.0,365,0.1,6764.22981893461,7.5,10.5,1011.7493498325348,266.4258836624643,0,0
739,41595.0,365,0.1,5776.231547358265,7.5,13.5,1012.9454040527344,305.17011171875856,0,0
740,37083.0,365,0.1,6367.3494170724525,21.0,9.0,1014.1696813106537,298.1350814441544,0,0
741,31812.0,365,0.1,6126.7978949141825,15.0,10.5,1015.3118646144867,319.5634175137309,0,0
742,32798.0,365,0.1,5601.6364731880085,12.0,9.0,1016.4609277248383,317.65008963548235,0,0
743,20952.0,365,0.1,6044.506635399387,21.0,7.5,1017.5610792636871,331.7724759826369,0,0
744,44018.0,365,0.1,6494.074618363054,12.0,15.0,1018.7273194789886,312.97154326446787,0,0
745,46204.0,365,0.1,5769.295664539076,10.5,15.0,1019.9934823513031,288.27255006522716,0,0
746,21517.0,365,0.1,6230.873595104479,13.5,12.0,1021.1632342338562,312.0319834009166,0,0
747,38273.0,365,0.1,5734.16683090419,15.0,12.0,1022.3403825759888,310.07137073204524,0,0
748,36703.0,365,0.1,4961.42497211613,10.5,12.0,1023.5902841091156,292.0230036736521,0,0
749,38225.0,365,0.1,6076.765575837436,12.0,15.0,1024.8313241004944,294.1081693866193,0,0
750,35387.0,365,0.1,6525.6139244602155,9.0,10.5,1026.0941531658173,289.0335755034891,0,0
751,43420.0,365,0.1,5314.15094040126,7.5,15.0,1027.5110561847687,257.6040809554627,0,0
752,34213.0,365,0.1,5902.845133867656,16.5,12.0,1028.8485789299011,272.8925555309763,0,0
753,46574.0,365,0.1,5509.273485283003,18.0,15.0,1030.1910722255707,271.8821771232457,0,0
754,37541.0,365,0.1,5096.640193991465,7.5,13.5,1031.5456585884094,269.45494950583003,0,0
755,39296.0,365,0.1,4912.710610167621,16.5,12.0,1032.9023349285126,269.03985070768516,0,0
756,22573.0,365,0.1,5258.856956920885,18.0,7.5,1034.243417263031,272.1682260702266,0,0
757,30133.0,365,0.1,5877.388188777558,13.5,10.5,1035.5624403953552,276.71993845691117,0,0
758,30802.0,365,0.1,5026.998658647929,7.5,9.0,1036.9061884880066,271.62829253198316,0,0
759,39914.0,365,0.1,5130.954627677186,7.5,13.5,1038.2459115982056,272.44435601755833,0,0
760,23691.0,365,0.1,5712.105319548306,9.0,10.5,1039.609497308731,267.67660967885365,0,0
761,26478.0,365,0.1,5400.390015066487,10.5,10.5,1040.8735980987549,288.74279873927367,0,0
762,26719.0,365,0.1,6481.835788381916,7.5,10.5,1042.1911690235138,277.0249351599707,0,0
763,28643.0,365,0.1,5714.155239115676,13.5,9.0,1043.5118656158447,276.36930550097185,0,0
764,24411.0,365,0.1,4832.805467913902,13.5,9.0,1044.8199191093445,279.040575797421,0,0
765,37332.0,365,0.1,4965.7103503919625,9.0,13.5,1046.128894329071,278.84408696159,0,0
766,29023.0,365,0.1,6144.80056240134,16.5,9.0,1047.475112438202,271.1299138856853,0,0
767,20235.0,365,0.1,5393.140822820794,22.5,6.0,1048.8305830955505,269.27915998857395,0,0
768,28588.0,365,0.1,5583.921735455238,7.5,9.0,1050.195708990097,267.3746073223906,0,0
769,37180.0,365,0.1,5283.216205837302,4.5,13.5,1051.5460121631622,270.30966621477364,0,0
770,34344.0,365,0.1,6119.078518760368,4.5,12.0,1052.8740379810333,274.8440543009301,0,0
771,35330.0,365,0.1,4555.061523061256,12.0,10.5,1054.226282119751,269.9216728320477,0,0
772,29772.0,365,0.1,6427.755993526929,10.5,10.5,1055.579149723053,269.7972803171048,0,0
773,38994.0,365,0.1,4965.51518542146,13.5,10.5,1056.9130611419678,273.63136324070615,0,0
774,28237.0,365,0.1,5569.543823911066,4.5,13.5,1058.2161700725555,280.09937729101927,0,0
775,34536.0,365,0.1,6444.0020055483465,12.0,6.0,1059.534409046173,276.8845462051204,0,0
776,33661.0,365,0.1,4798.42551369863,7.5,15.0,1060.9595572948456,256.1137063038843,0,0
777,41591.0,365,0.1,5482.866659713118,13.5,12.0,1062.3943765163422,254.38744793179472,0,0
778,26638.0,365,0.1,5590.815076686911,16.5,9.0,1063.8045868873596,258.82663147389513,0,0
779,28050.0,365,0.1,5343.907111640826,16.5,12.0,1065.1301047801971,275.36406861973603,0,0
780,35962.0,365,0.1,4129.225940610285,7.5,15.0,1066.448723077774,276.8048954505824,0,0
781,22492.0,365,0.1,5902.042233485392,12.0,7.5,1067.735588312149,283.6349838740277,0,0
782,35373.0,365,0.1,5190.948218442316,13.5,12.0,1069.010458946228,286.30355915578167,0,0
783,32237.0,365,0.1,6519.556617966743,22.5,10.5,1070.2215583324432,301.37906447187333,0,0
784,34534.0,365,0.1,7540.348085586339,4.5,13.5,1071.3857815265656,313.5137676716418,0,0
785,39577.0,365,0.1,5259.978098537497,13.5,12.0,1072.5538465976715,312.4825911063394,0,0
786,33525.0,365,0.1,7377.686388700302,16.5,10.5,1073.7272427082062,311.0629025638108,0,0
787,23784.0,365,0.1,5217.744604701212,7.5,7.5,1074.878161430359,317.1379463853833,0,0
788,34735.0,365,0.1,5224.168615722656,9.0,10.5,1075.9719443321228,333.70424735235275,0,0
789,38987.0,365,0.1,5846.699441904564,4.5,13.5,1077.0882880687714,326.960225616339,0,0
790,37770.0,365,0.1,5670.19292840827,10.5,15.0,1078.2263605594635,320.7177073386765,0,0
791,26881.0,365,0.1,5614.014305888137,13.5,13.5,1079.3829572200775,315.5810598711472,0,0
792,44973.0,365,0.1,6744.551198839162,13.5,13.5,1080.4869027137756,330.6322658895795,0,0
793,30211.0,365,0.1,5588.138581158364,10.5,12.0,1081.5801935195923,333.8544493908532,0,0
794,35237.0,365,0.1,6491.129697198737,22.5,6.0,1082.6833403110504,330.87165083220356,0,0
795,22769.0,365,0.1,6410.181894213532,13.5,9.0,1083.8275091648102,319.00885852695734,0,0
796,35583.0,365,0.1,5562.616234975319,10.5,12.0,1084.9592697620392,322.50636830232816,0,0
797,34467.0,365,0.1,6085.1466189031735,10.5,12.0,1086.125057220459,313.0930920244671,0,0
798,42483.0,365,0.1,6265.637455143341,4.5,15.0,1087.4661116600037,272.17388738068445,0,0
799,40417.0,365,0.1,5872.552279997525,16.5,13.5,1088.7692201137543,280.09947978578145,0,0
800,39877.0,365,0.1,7387.752328700235,12.0,15.0,1090.0580117702484,283.21102030788904,0,0
801,31980.0,365,0.1,5573.173375942282,18.0,10.5,1091.3257524967194,287.9137605810479,0,0
802,24211.0,365,0.1,5843.809496066995,15.0,7.5,1092.6340219974518,278.99450365208264,0,0
803,27404.0,365,0.1,6123.816706785437,18.0,7.5,1093.9630329608917,274.64032279707715,0,0
804,23571.0,365,0.1,7029.623369316206,9.0,7.5,1095.20214509964,294.5657528371456,0,0
805,43722.0,365,0.1,6194.147585181668,12.0,9.0,1096.4468684196472,293.23785787017493,0,0
806,16353.0,365,0.1,6059.2055411978945,13.5,9.0,1097.7926371097565,271.2204576333013,0,0
807,32920.0,365,0.1,4880.750717497525,10.5,13.5,1099.1444017887115,270.0174118191541,0,0
808,38877.0,365,0.1,5715.8568137809025,13.5,13.5,1100.6525316238403,242.02160284749718,0,0
809,31964.0,365,0.1,5577.780640944389,12.0,4.5,1101.9600684642792,279.1508343868129,0,0
810,29580.0,365,0.1,6645.175101544106,15.0,9.0,1103.2508165836334,282.7817407029087,0,0
811,31478.0,365,0.1,6179.057229112599,13.5,12.0,1104.5675501823425,277.20109850453963,0,0
812,35039.0,365,0.1,7535.2462724241495,12.0,12.0,1105.8478004932404,285.10049706141376,0,0
813,34947.0,365,0.1,6527.707466982489,10.5,10.5,1107.2738542556763,255.9510795557423,0,0
814,39212.0,365,0.1,5931.8613725636105,7.5,13.5,1108.9069020748138,223.50845806386715,0,0
815,21076.0,365,0.1,6064.80625221566,21.0,7.5,1110.3949434757233,245.28887420533357,0,0
816,44368.0,365,0.1,5260.707985739512,13.5,10.5,1111.9832787513733,229.8003485760424,0,0
817,25675.0,365,0.1,6268.380659756595,18.0,12.0,1113.374915599823,262.2810688051358,0,0
818,44580.0,365,0.1,6447.152137651836,18.0,10.5,1114.732358455658,268.8879302955918,0,0
819,41400.0,365,0.1,5434.292851738081,10.5,13.5,1116.0841336250305,270.01531635576555,0,0
820,31821.0,365,0.1,5898.214553958423,10.5,12.0,1117.4166147708893,273.9250766394618,0,0
821,50257.0,365,0.1,6267.391828312286,13.5,16.5,1118.7873520851135,266.28004958526174,0,0
822,38654.0,365,0.1,7190.3693301266185,4.5,13.5,1120.0890967845917,280.392922011761,0,0
823,24009.0,365,0.1,6002.802036902022,7.5,7.5,1121.3938632011414,279.7435582111349,0,0
824,42508.0,365,0.1,6697.504259752247,12.0,12.0,1122.6822278499603,283.3048860309786,0,0
825,24831.0,365,0.1,5761.593887245492,9.0,7.5,1123.94456076622,289.14717765696724,0,0
826,18535.0,365,0.1,6056.931615458449,13.5,6.0,1125.2783091068268,273.66482033182547,0,0
827,24855.0,365,0.1,4833.833231092479,13.5,9.0,1126.6255161762238,270.93088233524395,0,0
828,23093.0,365,0.1,5692.0466832827215,16.5,7.5,1127.9714391231537,271.18937293741067,0,0
829,53395.0,365,0.1,6211.246044127582,13.5,16.5,1129.2577900886536,283.7483780005253,0,0
830,25417.0,365,0.1,6845.021165319991,16.5,10.5,1130.603090763092,271.31481232056143,0,0
831,40972.0,365,0.1,5294.223588959158,10.5,12.0,1131.936845779419,273.6634505826955,0,0
832,32202.0,365,0.1,5967.693836786975,10.5,15.0,1133.2657551765442,274.66131309597495,0,0
833,51000.0,365,0.1,5866.629436461566,13.5,16.5,1134.5516166687012,283.85638906390045,0,0
834,43480.0,365,0.1,5358.530697297397,10.5,15.0,1135.8359377384186,284.1968481295039,0,0
835,36006.0,365,0.1,6146.1779680225945,12.0,13.5,1137.0959198474884,289.6866529870488,0,0
836,30838.0,365,0.1,4884.757136807377,13.5,12.0,1138.3843410015106,283.2924613667948,0,0
837,31569.0,365,0.1,5183.207093246669,12.0,9.0,1139.626544713974,293.8326430180915,0,0
838,31130.0,365,0.1,5499.8141815185545,12.0,9.0,1140.80393576622,310.0074519028272,0,0
839,35392.0,365,0.1,6414.574039825022,10.5,12.0,1141.9598610401154,315.7643562632856,0,0
840,43547.0,365,0.1,6296.53876509993,13.5,15.0,1143.086813211441,323.88242312948773,0,0
841,40830.0,365,0.1,7383.149725509016,12.0,15.0,1144.179753780365,333.96143429771223,0,0
842,34667.0,365,0.1,5583.793999199018,12.0,10.5,1145.2892401218414,328.9810666026578,0,0
843,33600.0,365,0.1,6881.283025746803,15.0,10.5,1146.3760378360748,335.84906852464485,0,0
844,23453.0,365,0.1,5844.702920490422,10.5,9.0,1147.5646803379059,307.0729840450199,0,0
845,23057.0,365,0.1,5684.111099744823,13.5,9.0,1148.6070766448975,350.15473246774394,0,0
846,32523.0,365,0.1,7006.6778085787,18.0,12.0,1149.7027471065521,333.1293603085577,0,0
847,38859.0,365,0.1,6503.3543729599205,18.0,15.0,1150.822817325592,325.8724263848963,0,0
848,40500.0,365,0.1,5343.308894787096,4.5,16.5,1151.9888520240784,313.02670535775627,0,0
849,30000.0,365,0.1,6410.807870525204,4.5,12.0,1153.1500391960144,314.3334759644643,0,0
850,40965.0,365,0.1,5922.872484849903,7.5,15.0,1154.3670227527618,299.9218830659594,0,0
851,28525.0,365,0.1,6967.940107246294,21.0,12.0,1155.5335803031921,312.886406560367,0,0
852,33706.0,365,0.1,5080.527035397046,16.5,6.0,1156.7365415096283,303.41793072557493,0,0
853,37598.0,365,0.1,5593.849336472603,9.0,10.5,1157.990662097931,291.040593228765,0,0
854,37797.0,365,0.1,7282.163195382732,10.5,12.0,1159.1962971687317,302.74500870115486,0,0
855,36220.0,365,0.1,6401.2545086586315,7.5,12.0,1160.4779765605927,284.782608129503,0,0
856,40855.0,365,0.1,6892.351300048828,7.5,13.5,1161.8050556182861,275.04013260098094,0,0
857,39109.0,365,0.1,6901.525902316995,12.0,15.0,1163.1222834587097,277.0970889004488,0,0
858,38243.0,365,0.1,5548.764687023424,7.5,9.0,1164.436797618866,277.6691275479408,0,0
859,35270.0,365,0.1,6905.126830594833,13.5,12.0,1165.7733891010284,273.08269196019813,0,0
860,16040.0,365,0.1,6253.309378971466,21.0,7.5,1167.1124510765076,272.5788698983857,0,0
861,37024.0,365,0.1,5589.438174689306,10.5,12.0,1168.4322276115417,276.5619711450221,0,0
862,24691.0,365,0.1,7314.595463917353,7.5,12.0,1169.7590589523315,275.0914820739267,0,0
863,35909.0,365,0.1,6279.215389931039,10.5,12.0,1171.0311324596405,286.9331040248991,0,0
864,42720.0,365,0.1,7107.4669772631505,15.0,13.5,1172.4226052761078,262.3119874714286,0,0
865,36709.0,365,0.1,6959.463653689868,13.5,12.0,1173.9397451877594,240.58427123089015,0,0
866,37197.0,365,0.1,5077.984243941633,4.5,13.5,1175.2866642475128,270.98881507165027,0,0
867,44729.0,365,0.1,7331.589295813155,13.5,13.5,1176.6321630477905,271.2748609843905,0,0
868,32020.0,365,0.1,7420.777442158738,7.5,10.5,1178.0336780548096,260.43245928299973,0,0
869,29888.0,365,0.1,6302.606025988435,4.5,12.0,1179.3517804145813,276.9132437204736,0,0
870,45773.0,365,0.1,7139.011647723472,13.5,13.5,1180.6207737922668,287.6295545889334,0,0
871,53695.0,365,0.1,5497.486983500441,13.5,16.5,1181.9291059970856,278.98113235741386,0,0
872,43335.0,365,0.1,5956.175534224837,7.5,13.5,1183.2863726615906,268.9228355380816,0,0
873,34670.0,365,0.1,6934.290765966128,10.5,13.5,1184.5859746932983,280.85520882140025,0,0
874,38414.0,365,0.1,5640.16668249679,10.5,13.5,1185.9211144447327,273.37962157735507,0,0
875,34209.0,365,0.1,7289.708402241746,7.5,10.5,1187.2561976909637,273.3911919203464,0,0
876,35043.0,365,0.1,5520.329563423053,15.0,12.0,1188.5405530929565,284.1892512256874,0,0
877,32058.0,365,0.1,7604.189093435627,7.5,10.5,1189.8693652153015,274.68141948906975,0,0
878,43629.0,365,0.1,7109.595554759405,12.0,15.0,1191.1486587524414,285.3137215216673,0,0
879,25978.0,365,0.1,4979.435785204743,15.0,4.5,1192.380933523178,296.20017277623157,0,0
880,36208.0,365,0.1,5866.644532713171,13.5,13.5,1193.6912529468536,278.5580320378291,0,0
881,36946.0,365,0.1,5801.480532042621,18.0,10.5,1195.002815246582,278.2940620324223,0,0
882,29985.0,365,0.1,6510.212907305156,18.0,13.5,1196.2739300727844,287.14951039512385,0,0
883,34298.0,365,0.1,4831.168152984201,10.5,12.0,1197.4991652965546,297.90198071262375,0,0
884,42029.0,365,0.1,5846.996609873315,7.5,13.5,1198.7707934379578,287.03359741412686,0,0
885,22146.0,365,0.1,6892.8956043818225,16.5,10.5,1200.0073647499084,295.1710075047874,0,0
886,33936.0,365,0.1,6475.323525164878,4.5,12.0,1201.1504697799683,319.3057421686797,0,0
887,33976.0,365,0.1,6530.744727524013,7.5,15.0,1202.2538266181946,330.8086625780552,0,0
888,45114.0,365,0.1,5942.101928334693,7.5,13.5,1203.3899216651917,321.2759363442073,0,0
889,24580.0,365,0.1,5880.154322877649,10.5,9.0,1204.5436210632324,316.3735723706263,0,0
890,33355.0,365,0.1,6037.431463079583,21.0,10.5,1205.7762761116028,296.1087941695857,0,0
891,52773.0,365,0.1,5451.94861592332,18.0,18.0,1206.938461780548,314.0634149543754,0,0
892,44041.0,365,0.1,5871.665872652236,7.5,13.5,1208.0441386699677,330.1145239561018,0,0
893,38663.0,365,0.1,5449.1395382397795,10.5,13.5,1209.1129331588745,341.5062519393359,0,0
894,33943.0,365,0.1,6398.919754237345,4.5,15.0,1210.2281620502472,327.28707337445263,0,0
895,25129.0,365,0.1,6089.737176116525,7.5,7.5,1211.3827748298645,316.1232981683932,0,0
896,37834.0,365,0.1,6699.026769810507,7.5,13.5,1212.4311335086823,348.163283592612,0,0
897,36248.0,365,0.1,5470.659621983358,13.5,15.0,1213.5049412250519,339.91188034484077,0,0
898,32574.0,365,0.1,5288.959210246883,7.5,10.5,1214.7043528556824,304.3158751163109,0,0
899,32303.0,365,0.1,5212.315766300567,15.0,12.0,1215.9320302009583,297.3093878489536,0,0
900,25773.0,365,0.1,6910.392448989659,12.0,3.0,1217.1244072914124,306.1112150863234,0,0
901,54674.0,365,0.1,5359.505773654049,13.5,18.0,1218.3993210792542,286.29386824491115,0,0
902,26321.0,365,0.1,4935.4364834720145,18.0,9.0,1219.6799330711365,285.0199766312511,0,0
903,28914.0,365,0.1,5634.408131513203,18.0,10.5,1220.9832015037537,280.06509700155715,0,0
904,31301.0,365,0.1,5262.973658773344,13.5,10.5,1222.5375583171844,234.82381705804713,0,0
905,26625.0,365,0.1,5517.507914002301,15.0,9.0,1224.1406025886536,227.69177776075662,0,0
906,33930.0,365,0.1,6871.1944534510785,18.0,10.5,1225.6071350574493,248.88640910876995,0,0
907,22308.0,365,0.1,5793.856428883174,4.5,6.0,1227.0046029090881,261.186688174593,0,0
908,26677.0,365,0.1,6532.644910838506,16.5,9.0,1228.3658108711243,268.1441852970231,0,0
909,28969.0,365,0.1,6477.747246938209,10.5,9.0,1229.7377152442932,266.0535290494708,0,0
910,33074.0,365,0.1,5948.798875698978,15.0,6.0,1231.0401179790497,280.251254285219,0,0
911,27578.0,365,0.1,5510.5302584295405,22.5,12.0,1232.3988478183746,268.63324071939167,0,0
912,34751.0,365,0.1,5854.455432714175,13.5,12.0,1233.827931880951,255.40834829687557,0,0
913,38927.0,365,0.1,5234.3724483960295,13.5,12.0,1235.3140304088593,245.60955626120924,0,0
914,29439.0,365,0.1,5268.031817250709,10.5,9.0,1236.7345736026764,256.94396452613967,0,0
915,35014.0,365,0.1,5813.127580365743,18.0,13.5,1237.9655690193176,296.50800893792166,0,0
916,21476.0,365,0.1,6101.89087557858,18.0,3.0,1239.2866365909576,276.2916960764373,0,0
917,35984.0,365,0.1,6268.295082071383,4.5,12.0,1240.5592713356018,286.80656530562965,0,0
918,37723.0,365,0.1,5412.595316095221,16.5,13.5,1241.9111337661743,269.9978871706817,0,0
919,23237.0,365,0.1,5700.455954355736,15.0,10.5,1243.1590921878815,292.4776928871522,0,0
920,48297.0,365,0.1,5122.422466330332,10.5,15.0,1244.3917195796967,296.1154379852743,0,0
921,23701.0,365,0.1,6177.334946765638,7.5,9.0,1245.6073241233826,300.2621221645486,0,0
922,44858.0,365,0.1,4748.9234081111545,18.0,16.5,1246.8068315982819,304.2915593590983,0,0
923,37250.0,365,0.1,6094.954371914799,10.5,12.0,1248.1827776432037,265.27202963160113,0,0
924,41448.0,365,0.1,4825.499736190169,7.5,12.0,1249.4938204288483,278.4043388946759,0,0
925,19965.0,365,0.1,5972.720085081336,13.5,10.5,1250.6551785469055,314.28720764494346,0,0
926,25779.0,365,0.1,5449.502488478569,12.0,9.0,1251.9471552371979,282.512836913029,0,0
927,27883.0,365,0.1,6146.982694986422,10.5,9.0,1253.1674962043762,299.09673592614683,0,0
928,33212.0,365,0.1,5550.702829564761,16.5,10.5,1254.4536583423615,283.79003643488664,0,0
929,42908.0,365,0.1,5115.97759228014,18.0,13.5,1255.7263629436493,286.79082296917824,0,0
930,41514.0,365,0.1,5373.842242473445,4.5,13.5,1256.9541504383087,297.2827151177716,0,0
931,38712.0,365,0.1,5466.490742806212,7.5,10.5,1258.265716791153,278.29320202402863,0,0
932,33838.0,365,0.1,4190.979265730349,7.5,10.5,1259.691912651062,255.92557814834387,0,0
933,30148.0,365,0.1,4966.892691583503,7.5,12.0,1261.0814847946167,262.6707808536572,0,0
934,34269.0,365,0.1,5541.620674906691,4.5,15.0,1262.5083770751953,255.80066902596903,0,0
935,25831.0,365,0.1,5769.94038721372,10.5,9.0,1263.914330482483,259.6103100629541,0,0
936,41042.0,365,0.1,5999.0648776537755,13.5,13.5,1265.3247284889221,258.7921978998715,0,0
937,30682.0,365,0.1,5278.779857520534,12.0,6.0,1266.8450169563293,240.0860151379617,0,0
938,41940.0,365,0.1,4670.079692391174,7.5,13.5,1268.306233882904,249.79179570251083,0,0
939,49393.0,365,0.1,5477.711301578887,18.0,16.5,1269.746802330017,253.3722022938071,0,0
940,17450.0,365,0.1,5310.0034499495,4.5,4.5,1271.1219968795776,265.4169914479652,0,0
941,35192.0,365,0.1,4969.876061175621,10.5,13.5,1272.5356976985931,258.1875847353508,0,0
942,20749.0,365,0.1,5763.603286993994,13.5,6.0,1273.9250338077545,262.71540600806753,0,0
943,42440.0,365,0.1,5621.262720604465,13.5,15.0,1275.2976849079132,265.90879500100397,0,0
944,33681.0,365,0.1,6188.340226515678,16.5,12.0,1276.6306354999542,273.82860413536525,0,0
945,46435.0,365,0.1,6811.072858502113,4.5,16.5,1277.941735982895,278.3920872192341,0,0
946,35719.0,365,0.1,6071.565571489726,10.5,10.5,1279.2702667713165,274.7395869038462,0,0
947,38995.0,365,0.1,6076.488782198136,21.0,12.0,1280.5619232654572,282.5828706438275,0,0
948,37387.0,365,0.1,6977.650644464362,4.5,13.5,1281.8222420215607,289.6092740287846,0,0
949,28446.0,365,0.1,5068.556163463853,13.5,13.5,1283.0872583389282,288.53382757903853,0,0
950,35269.0,365,0.1,6367.054130742321,18.0,10.5,1284.3244075775146,295.0331201893243,0,0
951,35873.0,365,0.1,7454.511653408939,7.5,7.5,1285.4605786800385,321.254430067106,0,0
952,32538.0,365,0.1,5594.536902775177,10.5,10.5,1286.6798422336578,299.3610355337017,0,0
953,26779.0,365,0.1,6419.8387388464525,13.5,10.5,1287.8183872699738,320.5845955651082,0,0
954,38284.0,365,0.1,7078.710858028882,10.5,12.0,1288.943439245224,324.4294557314238,0,0
955,27203.0,365,0.1,6171.59337200008,16.5,7.5,1290.042953491211,331.9647756563365,0,0
956,39088.0,365,0.1,7309.678388830734,7.5,12.0,1291.0717179775238,354.7945179446997,0,0
957,26335.0,365,0.1,5870.898284953914,15.0,4.5,1292.1211984157562,347.79114188612033,0,0
958,26373.0,365,0.1,6138.706077680195,10.5,15.0,1293.1886343955994,341.94088160082157,0,0
959,30529.0,365,0.1,6518.4028810265945,13.5,10.5,1294.2310752868652,350.13975665974584,0,0
960,28646.0,365,0.1,6636.843339768501,10.5,9.0,1295.2999045848846,341.49512992987945,0,0
961,30513.0,365,0.1,6524.870377255793,10.5,9.0,1296.3183767795563,358.3799360547893,0,0
962,25926.0,365,0.1,6279.935400307015,21.0,9.0,1297.4024012088776,336.70827900855295,0,0
963,22132.0,365,0.1,6226.956810687339,18.0,9.0,1298.4784283638,339.21077022103015,0,0
964,33349.0,365,0.1,6842.939960176651,16.5,12.0,1299.6519949436188,311.01771836104905,0,0
965,27985.0,365,0.1,5712.463896450931,15.0,9.0,1300.834359884262,308.70333469242405,0,0
966,40986.0,365,0.1,6473.383929945018,4.5,15.0,1302.0954859256744,289.42388628438056,0,0
967,41628.0,365,0.1,5452.225696511465,13.5,13.5,1303.3874773979187,282.5096046229889,0,0
968,36477.0,365,0.1,5097.980335977632,7.5,10.5,1304.7029993534088,277.45641072483295,0,0
969,41949.0,365,0.1,5865.3151818680435,10.5,13.5,1306.0268983840942,275.70078347366706,0,0
970,28144.0,365,0.1,5441.404666054085,7.5,9.0,1307.3914577960968,267.4856050894428,0,0
971,32458.0,365,0.1,6169.900086996,15.0,6.0,1308.7270412445068,273.28880156048643,0,0
972,40751.0,365,0.1,5688.710161433808,13.5,9.0,1310.0650191307068,272.7997254398967,0,0
973,38892.0,365,0.1,4275.793170354138,16.5,13.5,1311.9176983833313,197.01197575508,0,0
974,36191.0,365,0.1,6392.986360293872,15.0,12.0,1313.881284236908,185.88441108146844,0,0
975,17615.0,365,0.1,5981.854757899454,7.5,7.5,1315.4443531036377,233.51498310094013,0,0
976,39369.0,365,0.1,4882.942992495184,7.5,13.5,1316.9049184322357,249.90323462652555,0,0
977,23254.0,365,0.1,5075.341597507425,10.5,7.5,1318.3432276248932,253.77019201665058,0,0
978,25166.0,365,0.1,5518.788408629535,10.5,13.5,1319.8344430923462,244.7667744644711,0,0
979,37547.0,365,0.1,5495.710260678644,13.5,13.5,1321.212392091751,264.8864364048539,0,0
980,42456.0,365,0.1,5604.170259909434,12.0,12.0,1322.6043128967285,262.2275625845839,0,0
981,43916.0,365,0.1,4490.1473700118395,12.0,13.5,1324.00803732872,260.0225455092671,0,0
982,35623.0,365,0.1,5591.742603040721,10.5,12.0,1325.3880653381348,264.4873854080771,0,0
983,44757.0,365,0.1,5131.416021268662,13.5,15.0,1326.790621995926,260.2390413053489,0,0
984,35683.0,365,0.1,4771.047732000482,4.5,12.0,1328.2306005954742,253.47598923656574,0,0
985,36577.0,365,0.1,5546.549495498448,13.5,12.0,1329.6041460037231,265.7356632026671,0,0
986,40860.0,365,0.1,5417.782377854439,13.5,16.5,1331.0003409385681,261.4248131766274,0,0
987,19281.0,365,0.1,5484.691451441098,13.5,7.5,1332.408887386322,259.132384723298,0,0
988,35652.0,365,0.1,4894.003540916965,4.5,13.5,1333.8135359287262,259.8514781322249,0,0
989,31405.0,365,0.1,4670.639902653106,10.5,10.5,1335.2470524311066,254.6186244761837,0,0
990,29065.0,365,0.1,4807.848943339309,12.0,7.5,1336.6028985977173,269.20458160265355,0,0
991,23997.0,365,0.1,5455.242740746067,10.5,6.0,1337.8469681739807,293.3919508716548,0,0
992,49745.0,365,0.1,6392.260277776849,10.5,16.5,1339.1794843673706,273.91787192577965,0,0
993,25911.0,365,0.1,5321.224523298708,12.0,12.0,1340.5553987026215,265.2781431581304,0,0
994,34682.0,365,0.1,5422.469995702456,10.5,13.5,1341.9541659355164,260.9440594662728,0,0
995,25740.0,365,0.1,6353.1278648271955,18.0,7.5,1343.3333237171173,264.6542729696244,0,0
996,34460.0,365,0.1,5937.726669771378,16.5,12.0,1344.620633840561,283.53696079357405,0,0
997,40941.0,365,0.1,4808.079889877528,10.5,13.5,1345.931315422058,278.48106294670004,0,0
998,40783.0,365,0.1,6281.764580797169,13.5,15.0,1347.2486567497253,277.07321734629426,0,0
999,26216.0,365,0.1,6347.521979031498,18.0,7.5,1348.4804141521454,296.3245841128143,0,0
